text,label
"Good morning, my Love ... I go to sleep now and wish you a great day full of feeling better and opportunity ... You are my last thought babe, I LOVE YOU *kiss*",1
Sorry . I will be able to get to you. See you in the morning.,1
It has issues right now. Ill fix for her by tomorrow.,1
Wah lucky man... Then can save money... Hee...,1
somewhere out there beneath the pale moon light someone think in of u some where out there where dreams come true... goodnite &amp; sweet dreams,1
Are there TA jobs available? Let me know please cos i really need to start working,1
Ugh fuck it I'm resubbing to eve,1
Where are you?when wil you reach here?,1
Still chance there. If you search hard you will get it..let have a try :),1
No..but heard abt tat..,1
Oh gei. That happend to me in tron. Maybe ill dl it in 3d when its out,1
We not leaving yet. Ok lor then we go elsewhere n eat. U thk...,1
Ya but it cant display internal subs so i gotta extract them,1
Same to u...,1
Great! I have to run now so ttyl!,1
I'm really sorry i won't b able 2 do this friday.hope u can find an alternative.hope yr term's going ok:-),1
Love you aathi..love u lot..,1
Your gonna be the death if me. I'm gonna leave a note that says its all robs fault. Avenge me.,1
"As usual..iam fine, happy &amp; doing well..:)",1
"Total disappointment, when I texted you was the craziest shit got :(",1
Super msg da:)nalla timing.,1
I am great! How are you?,1
"Right on brah, see you later",1
I'm gonna say no. Sorry. I would but as normal am starting to panic about time. Sorry again! Are you seeing on Tuesday?,1
"Goodmorning, today i am late for 1hr.",1
Thanks for ve lovely wisheds. You rock,1
Now press conference da:),1
I'll probably be around mu a lot,1
Bugis oso near wat... ,1
Wat r u doing now?,1
Heehee that was so funny tho,1
"Lol you forgot it eh ? Yes, I'll bring it in babe",1
Please give it 2  or i will pick it up on Tuesday evening about 8 if that is ok.,1
Dear we got  &lt;#&gt;  dollars hi hi,1
"Ill call u 2mrw at ninish, with my address that icky American freek wont stop callin me 2 bad Jen k eh?",1
But am going to college pa. What to do. are else ill come there it self. Pa.,1
Ok but knackered. Just came home and went to sleep! Not good at this full time work lark.,1
Ok...,1
Your right! I'll make the appointment right now.,1
Wow so healthy. Old airport rd lor. Cant thk of anything else. But i'll b bathing my dog later.,1
Ha... U jus ate honey ar? So sweet...,1
How much did ur hdd casing cost.,1
No. I.ll meet you in the library,1
"Cant believe i said so many things to you this morning when all i really wanted to say was good morning, i love you! Have a beautiful morning. See you in the library later.",1
alright. Thanks for the advice. Enjoy your night out. I'ma try to get some sleep...,1
yay! finally lol. i missed our cinema trip last week :-(,1
You are not bothering me but you have to trust my answers. Pls.,1
Lol grr my mom is taking forever with my prescription. Pharmacy is like 2 minutes away. Ugh.,1
"Rose needs water, season needs change, poet needs imagination..My phone needs ur sms and i need ur lovely frndship forever....",1
Here got ur favorite oyster... N got my favorite sashimi... Ok lar i dun say already... Wait ur stomach start rumbling...,1
Dont pick up d call when something important is There to tell. Hrishi,1
Boo what time u get out? U were supposed to take me shopping today. :(,1
Oooh bed ridden ey? What are YOU thinking of?,1
Ya had just now.onion roast.,1
Did u find out what time the bus is at coz i need to sort some stuff out.,1
Aiyo please ü got time meh.,1
Still work going on:)it is very small house.,1
Thanks honey. Have a great day.,1
If u sending her home first it's ok lor. I'm not ready yet.,1
So that takes away some money worries,1
I dun believe u. I thk u told him.,1
"Okey dokey, i‘ll be over in a bit just sorting some stuff out.",1
Today i'm not workin but not free oso... Gee... Thgt u workin at ur fren's shop ? ,1
Nothing just getting msgs by dis name wit different no's..,1
When you came to hostel.,1
So why didnt you holla?,1
U guys never invite me anywhere :(,1
"Sorry, I'll call later",1
I tot u outside cos darren say u come shopping. Of course we nice wat. We jus went sim lim look at mp3 player.,1
I always chat with you. In fact i need money can you raise me?,1
Wake me up at  &lt;#&gt;  am morning:),1
"Lemme know when I can swing by and pick up, I'm free basically any time after 1 all this semester",1
I'm in town now so i'll jus take mrt down later.,1
"Well, i'm gonna finish my bath now. Have a good...fine night.",1
"It's wylie, you in tampa or sarasota?",1
Oh ok i didnt know what you meant. Yep i am baby jontin,1
"Buzz! Hey, my Love ! I think of you and hope your day goes well. Did you sleep in ? I miss you babe. I long for the moment we are together again*loving smile*",1
Aww that's the first time u said u missed me without asking if I missed u first. You DO love me! :),1
Anything lor if they all go then i go lor...,1
Moji i love you more than words. Have a rich day,1
Ü give me some time to walk there.,1
"She said,'' do u mind if I go into the bedroom for a minute ? '' ''OK'', I sed in a sexy mood. She came out 5 minuts latr wid a cake...n My Wife,",1
V skint too but fancied few bevies.waz gona go meet &othrs in spoon but jst bin watchng planet earth&sofa is v comfey; If i dont make it hav gd night,1
Mm you ask him to come its enough :-),1
Wat so late still early mah. Or we juz go 4 dinner lor. Aiya i dunno...,1
K...k:)why cant you come here and search job:),1
Only once then after ill obey all yours.,1
Noice. Text me when you're here,1
Hmm ill have to think about it... ok you're forgiven! =D,1
S now only i took tablets . Reaction morning only.,1
"Come around  &lt;DECIMAL&gt; pm vikky..i'm otside nw, il come by tht time",1
Well i know Z will take care of me. So no worries.,1
Stupid.its not possible,1
"Hmmm.... Mayb can try e shoppin area one, but forgot e name of hotel...",1
Easy ah?sen got selected means its good..,1
I cant pick the phone right now. Pls send a message,1
K k:) sms chat with me.,1
Yup... I havent been there before... You want to go for the yoga? I can call up to book ,1
"Short But Cute: ""Be a good person, but dont try to prove it.."" .Gud noon....",1
Dad went out oredi... ,1
"Hello, my boytoy! I made it home and my constant thought is of you, my love. I hope your having a nice visit but I can't wait till you come home to me ...*kiss*",1
Oh oh... Den muz change plan liao... Go back have to yan jiu again...,1
I dont want to hear philosophy. Just say what happen,1
I'm home...,1
Buy one egg for me da..please:),1
Yes.. now only saw your message..,1
Yup... How ü noe leh...,1
Hey gals...U all wanna meet 4 dinner at nìte? ,1
I'm at home n ready...,1
Howz pain.it will come down today.do as i said ystrday.ice and medicine.,1
"Sir, i am waiting for your call.",1
Gud mrng dear hav a nice day,1
"Sorry, I can't help you on this.",1
I'm at work. Please call,1
Dont know you bring some food,1
I like to talk pa but am not able to. I dont know y.,1
K.k.this month kotees birthday know?,1
I probably won't eat at all today. I think I'm gonna pop. How was your weekend? Did u miss me?,1
"Yeah I should be able to, I'll text you when I'm ready to meet up",1
"So anyways, you can just go to your gym or whatever, my love *smiles* I hope your ok and having a good day babe ... I miss you so much already",1
Gud mrng dear hav a nice day,1
I'm not driving... Raining! Then i'll get caught at e mrt station lor.,1
Me i'm not workin. Once i get job...,1
Otherwise had part time job na-tuition..,1
Do you hide anythiing or keeping distance from me,1
10 min later k...,1
Hui xin is in da lib.,1
"Not much, just some textin'. How bout you?",1
Then ü ask dad to pick ü up lar... Ü wan 2 stay until 6 meh...,1
Ü dun need to pick ur gf?,1
S:-)kallis wont play in first two odi:-),1
Hmmm.but you should give it on one day..,1
"Sorry vikky, i'm Watching olave mandara movie kano in trishul theatre wit my frnds..",1
Yes its possible but dint try. Pls dont tell to any one k,1
Then she buying today? Ü no need to c meh...,1
Ü bot notes oredi... Cos i juz rem i got...,1
Ok thanx... Take care then...,1
"Sorry, got a late start, we're on the way",1
No probably  &lt;#&gt; %.,1
When you guys planning on coming over?,1
"sorry brah, just finished the last of my exams, what up",1
"I know dat feelin had it with Pete! Wuld get with em , nuther place nuther time mayb?",1
Anytime...,1
Now got tv 2 watch meh? U no work today?,1
You should know now. So how's anthony. Are you bringing money. I've school fees to pay and rent and stuff like that. Thats why i need your help. A friend in need....|,1
Havent mus ask if u can 1st wat. Of meet 4 lunch den u n him meet can already lor. Or u wan 2 go ask da ge 1st then confirm w me asap?,1
I'm going 4 lunch now wif my family then aft dat i go str 2 orchard lor.,1
Yeah so basically any time next week you can get away from your mom &amp; get up before 3,1
Lol! Oops sorry! Have fun. ,1
Don't make life too stressfull.. Always find time to Laugh.. It may not add years to your Life! But surely adds more life to ur years!! Gud ni8..swt dreams..,1
"Dunno, my dad said he coming home 2 bring us out 4 lunch. Yup i go w u lor. I call u when i reach school lor...",1
It is a good thing I'm now getting the connection to bw,1
R u here yet? I'm wearing blue shirt n black pants.,1
Yup i thk cine is better cos no need 2 go down 2 plaza mah.,1
hope things went well at 'doctors' ;) reminds me i still need 2go.did u c d little thing i left in the lounge?,1
Prabha..i'm soryda..realy..frm heart i'm sory,1
"The world is running and i am still.maybe all are feeling the same,so be it.or i have to admit,i am mad.then where is the correction?or let me call this is life.and keep running with the world,may be u r also running.lets run.",1
Of course. I guess god's just got me on hold right now.,1
You are right. Meanwhile how's project twins comin up,1
Huh means computational science... Y they like dat one push here n there...,1
U know we watchin at lido?,1
You intrepid duo you! Have a great time and see you both soon. ,1
Hi there. We have now moved in2 our pub . Would be great 2 c u if u cud come up.,1
Come to my home for one last time i wont do anything. Trust me.,1
Hey check it da. I have listed da.,1
Dunno leh cant remember mayb lor. So wat time r we meeting tmr?,1
"What's up bruv, hope you had a great break. Do have a rewarding semester.",1
Sorry sent blank msg again. Yup but trying 2 do some serious studying now.,1
"Fuck babe ... I miss you already, you know ? Can't you let me send you some money towards your net ? I need you ... I want you ... I crave you ...",1
Ü v ma fan...,1
Oh dang! I didn't mean o send that to you! Lol!,1
Missed your call cause I was yelling at scrappy. Miss u. Can't wait for u to come home. I'm so lonely today.,1
"Awesome, I'll see you in a bit",1
Ay wana meet on sat?ü wkg on sat?,1
Thanks for understanding. I've been trying to tell sura that.,1
"My life Means a lot to me, Not because I love my life, But because I love the people in my life, The world calls them friends, I call them my World:-).. Ge:-)..",1
Yes da. Any plm at ur office,1
"I've not called you in a while. This is hoping it was l8r malaria and that you know that we miss you guys. I miss Bani big, so pls give her my love especially. Have a great day.",1
Up to ü... Ü wan come then come lor... But i din c any stripes skirt...,1
Lol enjoy role playing much?,1
Sun ah... Thk mayb can if dun have anythin on... Thk have to book e lesson... E pilates is at orchard mrt u noe hor...  ,1
Yar else i'll thk of all sorts of funny things.,1
"Yeah we wouldn't leave for an hour at least, how's 4 sound?",1
Y bishan lei... I tot ü say lavender? ,1
Yeah you should. I think you can use your gt atm now to register. Not sure but if there's anyway i can help let me know. But when you do be sure you are ready.,1
Dunno cos i was v late n when i reach they inside already... But we ate spageddies lor... It's e gals who r laughing at me lor...,1
Gud mrng dear hav a nice day,1
i dnt wnt to tlk wid u,1
Where did u go? My phone is gonna die you have to stay in here,1
"Hmph. Go head, big baller.",1
is your hamster dead? Hey so tmr i meet you at 1pm orchard mrt? ,1
Jesus christ bitch I'm trying to give you drugs answer your fucking phone,1
I was slept that time.you there?,1
I'm coming back on Thursday. Yay. Is it gonna be ok to get the money. Cheers. Oh yeah and how are you. Everything alright. Hows school. Or do you call it work now,1
somewhere out there beneath the pale moon light someone think in of u some where out there where dreams come true... goodnite &amp; sweet dreams,1
I sent them. Do you like?,1
Quite late lar... Ard 12 anyway i wun b drivin...,1
"that would be good … I'll phone you tomo lunchtime, shall I, to organise something?",1
aathi..where are you dear..,1
"Hi the way I was with u 2day, is the normal way&this is the real me. UR unique&I hope I know u 4 the rest of mylife. Hope u find wot was lost.",1
Ok...,1
So your telling me I coulda been your real Valentine and I wasn't? U never pick me for NOTHING!!,1
I'm ok wif it cos i like 2 try new things. But i scared u dun like mah. Cos u said not too loud.,1
"No I'm good for the movie, is it ok if I leave in an hourish?",1
Where is that one day training:-),1
Arun can u transfr me d amt,1
Do I? I thought I put it back in the box,1
Yesterday its with me only . Now am going home.,1
Okie,1
Ok set let u noe e details later...,1
Ok ok take care. I can understand.,1
Dunno i juz askin cos i got a card got 20% off 4 a salon called hair sense so i tot it's da one ü cut ur hair. ,1
"Haha, just what I was thinkin",1
Aiyah then i wait lor. Then u entertain me. Hee...,1
Oic cos me n my sis got no lunch today my dad went out... So dunno whether 2 eat in sch or wat...,1
I dont understand your message.,1
Lil fever:) now fine:),1
Yes but can we meet in town cos will go to gep and then home. You could text at bus stop. And don't worry we'll have finished by march … ish!,1
"Well am officially in a philosophical hole, so if u wanna call am at home ready to be saved!",1
I dont know oh. Hopefully this month.,1
"Sorry, I'll call later",1
But i'm really really broke oh. No amount is too small even  &lt;#&gt; ,1
Wat time u finish ur lect today?,1
Its ok..come to my home it vl nice to meet and v can chat..,1
"I‘ll leave around four, ok?",1
What class of  &lt;#&gt;  reunion?,1
"I'll see if I can swing by in a bit, got some things to take care of here firsg",1
"Tee hee. Off to lecture, cheery bye bye.",1
Finish liao... U?,1
I am going to sao mu today. Will be done only at 12 ,1
I gotta collect da car at 6 lei.,1
Can. Dunno wat to get 4 her...,1
"Oops I did have it,  &lt;#&gt; ?",1
Yup. Wun believe wat? U really neva c e msg i sent shuhui?,1
Hows the pain dear?y r u smiling?,1
I'm in class. Will holla later,1
Oh Howda gud gud.. Mathe en samachara chikku:-),1
Hi good mornin.. Thanku wish u d same..,1
Yo come over carlos will be here soon,1
BABE !!! I miiiiiiissssssssss you ! I need you !!! I crave you !!! :-( ... Geeee ... I'm so sad without you babe ... I love you ...,1
"I prefer my free days... Tues, wed, fri oso can... Ü ask those workin lor...",1
"Aight, I'll text you when I'm back",1
Happy birthday... May u find ur prince charming soon n dun work too hard...,1
Maybe i could get book out tomo then return it immediately ..? Or something.,1
K...k...yesterday i was in cbe .,1
I love to wine and dine my lady!,1
Am also doing in cbe only. But have to pay.,1
Hey mr  and I are going to the sea view and having a couple of gays I mean games! Give me a bell when ya finish ,1
No need for the drug anymore.,1
Juz now havent woke up so a bit blur blur... Can? Dad went out liao... I cant cum now oso...,1
Hello hun how ru? Its here by the way. Im good. Been on 2 dates with that guy i met in walkabout so far. We have to meet up soon. Hows everyone else?,1
No need lar. Jus testing e phone card. Dunno network not gd i thk. Me waiting 4 my sis 2 finish bathing so i can bathe. Dun disturb u liao u cleaning ur room.,1
Watching tv lor... Y she so funny we bluff her 4 wat. Izzit because she thk it's impossible between us?,1
"""HEY HEY WERETHE MONKEESPEOPLE SAY WE MONKEYAROUND! HOWDY GORGEOUS, HOWU DOIN? FOUNDURSELF A JOBYET SAUSAGE?LOVE JEN XXX""",1
Ok. C u then.,1
Sat right? Okay thanks... ,1
Just haven't decided where yet eh ?,1
Arun can u transfr me d amt,1
I asked you to call him now ok,1
"Hello! Just got here, st andrews-boy its a long way! Its cold. I will keep you posted",1
Lmao you know me so well...,1
Ok.ok ok..then..whats ur todays plan,1
Thought praps you meant another one. Goodo! I'll look tomorrow ,1
"By the way, make sure u get train to worc foregate street not shrub hill. Have fun night x",1
Just got outta class gonna go gym.,1
Oh for fuck's sake she's in like tallahassee,1
Its ok my arm is feeling weak cuz i got a shot so we can go another time,1
LOL that would be awesome payback.,1
No message..no responce..what happend?,1
Shuhui say change 2 suntec steamboat? U noe where? Where r u now?,1
I think just yourself …Thanks and see you tomo,1
No..few hours before.went to hair cut .,1
C movie is juz last minute decision mah. Juz watch 2 lar but i tot ü not interested.,1
In e msg jus now. U said thanks for gift.,1
Thanks for loving me so. You rock,1
Yup ü not comin :-(,1
S...i will take mokka players only:),1
Where are you ? You said you would be here when I woke ... :-(,1
Hey morning what you come to ask:-) pa...,1
Wish u many many returns of the day.. Happy birthday vikky..,1
Ard 6 like dat lor.,1
I called and said all to him:)then he have to choose this future.,1
"I can. But it will tell quite long, cos i haven't finish my film yet...",1
Meeting u is my work. . . Tel me when shall i do my work tomorrow,1
Eat at old airport road... But now 630 oredi... Got a lot of pple...,1
Ugh my leg hurts. Musta overdid it on mon.,1
Fuck cedar key and fuck her (come over anyway tho),1
U GOIN OUT 2NITE?,1
Realy sorry-i don't recognise this number and am now confused :) who r u please?! ,1
K tell me anything about you.,1
Should I head straight there or what,1
"How is my boy? No sweet words left for me this morning ... *sighs* ... How goes you day, my love ? Did you start your studying?",1
"Bloody hell, cant believe you forgot my surname Mr . Ill give u a clue, its spanish and begins with m... ",1
Thanx a lot 4 ur help!,1
"Sorry, I'll call later in meeting",1
Well i will watch shrek in 3D!!B),1
I want to sent  &lt;#&gt; mesages today. Thats y. Sorry if i hurts,1
"I av a new number,  . Wil u only use this one,ta.",1
"Storming msg: Wen u lift d phne, u say ""HELLO"" Do u knw wt is d real meaning of HELLO?? . . . It's d name of a girl..! . . . Yes.. And u knw who is dat girl?? ""Margaret Hello"" She is d girlfrnd f Grahmbell who invnted telphone... . . . . Moral:One can 4get d name of a person, bt not his girlfrnd... G o o d n i g h t . . .@",1
They will pick up and drop in car.so no problem..,1
Going to take your babe out ?,1
Guessin you ain't gonna be here before 9?,1
"I am in tirupur da, once you started from office call me.",1
I anything lor.,1
Ok lor thanx... Ü in school?,1
Ugh hopefully the asus ppl dont randomly do a reformat.,1
My superior telling that friday is leave for all other department except ours:)so it will be leave for you:)any way call waheed fathima hr and conform it:),1
"Ditto. And you won't have to worry about me saying ANYTHING to you anymore. Like i said last night, you do whatever you want and i'll do the same. Peace.",1
You sure your neighbors didnt pick it up,1
Do u hav any frnd by name ashwini in ur college?,1
If you have belive me. Come to my home.,1
Are your freezing ? Are you home yet ? Will you remember to kiss your mom in the morning? Do you love me ? Do you think of me ? Are you missing me yet ?,1
Mmmmmmm *snuggles into you* ...*deep contented sigh* ... *whispers* ... I fucking love you so much I can barely stand it ...,1
Lol! Nah wasn't too bad thanks. Its good to b home but its been quite a reality check. Hows ur day been? Did u do anything with website?,1
"And stop wondering ""wow is she ever going to stop tm'ing me ?!"" because I will tm you whenever I want because you are MINE ... *laughs*",1
U studying in sch or going home? Anyway i'll b going 2 sch later.,1
Its posible dnt live in  &lt;#&gt; century cm frwd n thnk different,1
I've reached home n i bathe liao... U can call me now...,1
I am joining today formally.Pls keep praying.will talk later.,1
No problem. How are you doing?,1
"Sorry sir, i will call you tomorrow.  senthil.hsbc",1
Watching tv now. I got new job :),1
Why don't you wait 'til at least wednesday to see if you get your .,1
"Goodmorning, today i am late for  &lt;DECIMAL&gt; min.",1
No da. . Vijay going to talk in jaya tv,1
"I'd say that's a good sign but, well, you know my track record at reading women",1
Ok.ok ok..then..whats ur todays plan,1
"A few people are at the game, I'm at the mall with iouri and kaila",1
You stayin out of trouble stranger!!saw Dave the other day hes sorted now!still with me bloke when u gona get a girl MR!ur mum still Thinks we will get 2GETHA! ,1
Honey boo I'm missing u.,1
I want to go to perumbavoor,1
Dhoni have luck to win some big title.so we will win:),1
Shall i ask one thing if you dont mistake me.,1
Where are you ? What are you doing ? Are yuou working on getting the pc to your mom's ? Did you find a spot that it would work ? I need you,1
"Didn't try, g and I decided not to head out",1
"Im cool ta luv but v.tired 2 cause i have been doin loads of planning all wk, we have got our social services inspection at the nursery! Take care & spk sn x.",1
Why tired what special there you had,1
Eh sorry leh... I din c ur msg. Not sad already lar. Me watching tv now. U still in office?,1
Do have a nice day today. I love you so dearly.,1
Take us out shopping and Mark will distract Isaiah.=D,1
I'm done oredi...,1
"Neither [in sterm voice] - i'm studying. All fine with me! Not sure the  thing will be resolved, tho. Anyway. Have a fab hols",1
"Sorry man, my stash ran dry last night and I can't pick up more until sunday",1
Thk some of em find wtc too far... Weiyi not goin... E rest i dunno yet... R ur goin 4 dinner den i might b able to join...,1
Oh k.k..where did you take test?,1
I re-met alex nichols from middle school and it turns out he's dealing!,1
Ok. No wahala. Just remember that a friend in need ...,1
Ugh. Gotta drive back to sd from la. My butt is sore.,1
K go and sleep well. Take rest:-).,1
No break time one... How... I come out n get my stuff fr ü?,1
"TODAY is Sorry day.! If ever i was angry with you, if ever i misbehaved or hurt you? plz plz JUST SLAP URSELF Bcoz, Its ur fault, I'm basically GOOD",1
"And how you will do that, princess? :)",1
Also hi wesley how've you been,1
HOW ARE U? I HAVE MISSED U! I HAVENT BEEN UP 2 MUCH A BIT BORED WITH THE HOLIDAY WANT 2 GO BAK 2 COLLEGE! SAD ISNT IT?xx,1
Oh thats late! Well have a good night and i will give u a call tomorrow. Iam now going to go to sleep night night,1
Yup i thk so until e shop closes lor.,1
Is ur paper in e morn or aft tmr?,1
"Haha better late than ever, any way I could swing by?",1
LOL ... Have you made plans for new years?,1
"Ya ok, then had dinner?",1
He fucking chickened out. He messaged me he would be late and woould buzz me and then I didn't hear a word from him,1
I love u 2 babe! R u sure everything is alrite. Is he being an idiot? Txt bak girlie,1
Ambrith..madurai..met u in arun dha marrge..remembr?,1
Well I might not come then...,1
"Okies... I'll go yan jiu too... We can skip ard oso, go cine den go mrt one, blah blah blah... ",1
Don't necessarily expect it to be done before you get back though because I'm just now headin out,1
Going for dinner.msg you after.,1
Tomorrow i am not going to theatre. . . So i can come wherever u call me. . . Tell me where and when to come tomorrow,1
Ah poop. Looks like ill prob have to send in my laptop to get fixed cuz it has a gpu problem,1
Aslamalaikkum....insha allah tohar beeen muht albi mufti mahfuuz...meaning same here....,1
Huh i cant thk of more oredi how many pages do we have?,1
I havent add ü yet right.. ,1
Its normally hot mail. Com you see!,1
Every day i use to sleep after  &lt;#&gt;  so only.,1
Depends on individual lor e hair dresser say pretty but my parents say look gong. U kaypoh.. I also dunno wat she collecting.,1
K. Did you call me just now ah? ,1
But i'm surprised she still can guess right lor...,1
Havent shopping now lor i juz arrive only,1
Can ü call me at 10:10 to make sure dat i've woken up...,1
"Yeah there's quite a bit left, I'll swing by tomorrow when I get up",1
I dunno lei... Like dun haf...,1
Yup i'm free...,1
Yes baby! We can study all the positions of the kama sutra ;),1
I called but no one pick up e phone. I ask both of them already they said ok.,1
Come to medical college at 7pm ......forward it da,1
Having lunch:)you are not in online?why?,1
"""NONE!NOWHERE IKNO DOESDISCOUNT!SHITINNIT""",1
"Height of Confidence: All the Aeronautics professors wer calld &amp; they wer askd 2 sit in an aeroplane. Aftr they sat they wer told dat the plane ws made by their students. Dey all hurried out of d plane.. Bt only 1 didnt move... He said:""if it is made by my students,this wont even start........ Datz confidence..",1
When u love someone Dont make them to love u as much as u do. But Love them so much that they dont want to be loved by anyone except you... Gud nit.,1
"I got like $ &lt;#&gt; , I can get some more later though. Get whatever you feel like",1
"Alright we're hooked up, where you guys at",1
"Yo, any way we could pick something up tonight?",1
Hello beautiful r u ok? I've kinda ad a row wiv and he walked out the pub?? I wanted a night wiv u Miss u ,1
Heart is empty without love.. Mind is empty without wisdom.. Eyes r empty without dreams &amp; Life is empty without frnds.. So Alwys Be In Touch. Good night &amp; sweet dreams,1
Yes... I trust u to buy new stuff ASAP so I can try it out,1
I.ll give her once i have it. Plus she said grinule greet you whenever we speak,1
Yes..he is really great..bhaji told kallis best cricketer after sachin in world:).very tough to get out.,1
"Yeah sure, give me a couple minutes to track down my wallet",1
Hey. For me there is no leave on friday. Wait i will ask my superior and tell you..,1
Okie.. Thanx..,1
Kaiez... Enjoy ur tuition... Gee... Thk e second option sounds beta... I'll go yan jiu den msg u...,1
What pa tell me.. I went to bath:-),1
Merry christmas to u too annie!,1
watever reLation u built up in dis world only thing which remains atlast iz lonlines with lotz n lot memories! feeling..,1
Imagine Life WITHOUT ME... see.. How fast u are searching me?Don't worry.. l'm always there To disturb U.. Goodnoon..:),1
it's really getting me down just hanging around.,1
Pls speak with me. I wont ask anything other then you friendship.,1
OK i'm waliking ard now... Do u wan me 2 buy anything go ur house?,1
Err... Cud do. I'm going to  at 8pm. I haven't got a way to contact him until then.,1
Awww dat is sweet! We can think of something to do he he! Have a nice time tonight ill probably txt u later cos im lonely :( xxx.,1
"Jane babes not goin 2 wrk, feel ill after lst nite. Foned in already cover 4 me chuck.:-)",1
"Not yet chikku..going to room nw, i'm in bus..",1
Just nw i came to hme da..,1
Gettin rdy to ship comp,1
"Dad wanted to talk about the apartment so I got a late start, omw now",1
We can go 4 e normal pilates after our intro...  ,1
But i dint slept in afternoon.,1
You'd like that wouldn't you? Jerk!,1
Im good! I have been thinking about you...,1
Hurry home u big butt. Hang up on your last caller if u have to. Food is done and I'm starving. Don't ask what I cooked.,1
Ok not a problem will get them a taxi. C ing  tomorrow and tuesday. On tuesday think we r all going to the cinema. ,1
Dunno lei... I thk mum lazy to go out... I neva ask her yet...,1
"Piggy, r u awake? I bet u're still sleeping. I'm going 4 lunch now...",1
K...k:)why cant you come here and search job:),1
"Hmm... Dunno leh, mayb a bag 4 goigng out dat is not too small. Or jus anything except perfume, smth dat i can keep.",1
I pocked you up there before,1
Any way where are you and what doing.,1
"Will do, you gonna be at blake's all night? I might be able to get out of here a little early",1
No. On the way home. So if not for the long dry spell the season would have been over,1
Anything lor but toa payoh got place 2 walk meh...,1
Ok... I din get ur msg...,1
"Yeah hopefully, if tyler can't do it I could maybe ask around a bit",1
"I hav almost reached. Call, i m unable to connect u.",1
how are you? I miss you!,1
hi baby im sat on the bloody bus at the mo and i wont be home until about 7:30 wanna do somethin later? call me later ortxt back jess xx,1
"New Theory: Argument wins d SITUATION, but loses the PERSON. So dont argue with ur friends just.. . . . kick them &amp; say, I'm always correct.!",1
Good evening! this is roger. How are you?,1
I am in your office na.,1
"""alright babe, justthought id sayhey! how u doin?nearly the endof me wk offdam nevamind!We will have 2Hook up sn if uwant m8? loveJen x.""",1
As if i wasn't having enough trouble sleeping.,1
O. Guess they both got screwd,1
"I'm not coming over, do whatever you want",1
"Yes but i dont care! I need you bad, princess!",1
U meet other fren dun wan meet me ah... Muz b a guy rite...,1
"Sorry, I'll call later",1
Sorry da..today i wont come to play..i have driving clas..,1
"Go until jurong point, crazy.. Available only in bugis n great world la e buffet... Cine there got amore wat...",1
"Hiya, had a good day? Have you spoken to since the weekend?",1
Nothing lor... A bit bored too... Then y dun u go home early 2 sleep today...,1
Oops i thk i dun haf enuff... I go check then tell ü..,1
i can call in  &lt;#&gt;  min if thats ok,1
That's y i said it's bad dat all e gals know u... Wat u doing now?,1
Hey! There's veggie pizza... :/,1
"Yo, the game almost over? Want to go to walmart soon",1
"Nope. Since ayo travelled, he has forgotten his guy",1
K..u also dont msg or reply to his msg..,1
Serious? What like proper tongued her,1
"Feb  &lt;#&gt;  is ""I LOVE U"" day. Send dis to all ur ""VALUED FRNDS"" evn me. If 3 comes back u'll gt married d person u luv! If u ignore dis u will lose ur luv 4 Evr",1
i am going to bed now prin,1
"I didnt get ur full msg..sometext is missing, send it again",1
Gud ni8 dear..slp well..take care..swt dreams..Muah..,1
U WILL SWITCH YOUR FONE ON DAMMIT!!,1
Huh but i got lesson at 4 lei n i was thinkin of going to sch earlier n i tot of parkin at kent vale...  ,1
Ok i juz receive..,1
Exactly. Anyways how far. Is jide her to study or just visiting,1
I'm still pretty weak today .. Bad day ?,1
S s..first time..dhoni rocks...,1
Poor girl can't go one day lmao,1
"Okey doke. I'm at home, but not dressed cos laying around ill! Speak to you later bout times and stuff. ",1
"Yo, you around? Just got my car back",1
Shopping lor. Them raining mah hard 2 leave orchard.,1
Hi :)finally i completed the course:),1
K:)all the best:)congrats...,1
Ü wait 4 me in sch i finish ard 5..,1
I don't run away frm u... I walk slowly &amp; it kills me that u don't care enough to stop me...,1
Hi. || Do u want | to join me with sts later? || Meeting them at five. || Call u after class.,1
"Turns out my friends are staying for the whole show and won't be back til ~ &lt;#&gt; , so feel free to go ahead and smoke that $ &lt;#&gt;  worth",1
Nope... Juz off from work...,1
"Short But Cute : "" Be a good person , but dont try to prove"" ..... Gud mrng...",1
Loosu go to hospital. De dont let it careless.,1
No da:)he is stupid da..always sending like this:)don believe any of those message.pandy is a mental:),1
"Uh, heads up we don't have THAT much left",1
Ok then i will come to ur home after half an hour,1
But really quite funny lor wat... Then u shd haf run shorter distance wat...,1
There's someone here that has a year  &lt;#&gt;  toyota camry like mr olayiwola's own. Mileage is  &lt;#&gt; k.its clean but i need to know how much will it sell for. If i can raise the dough for it how soon after landing will it sell. Holla back.,1
Of cos can lar i'm not so ba dao ok... 1 pm lor... Y u never ask where we go ah... I said u would ask on fri but he said u will ask today...,1
Hey no I ad a crap nite was borin without ya 2 boggy with me u boring biatch! Thanx but u wait til nxt time il ave ya ,1
Dad says hurry the hell up,1
Omg it could snow here tonite!,1
Hey loverboy! I love you !! I had to tell ... I look at your picture and ache to feel you between my legs ... Fuck I want you ... I need you ... I crave you .,1
Takin a shower now but yeah I'll leave when I'm done,1
"K, if u bored up just come to my home..",1
"Fuck babe, I miss you sooooo much !! I wish you were here to sleep with me ... My bed is so lonely ... I go now, to sleep ... To dream of you, my love ...",1
Nite nite pocay wocay luv u more than n e thing 4eva I promise ring u 2morrowxxxx,1
Good morning pookie pie! Lol hope I didn't wake u up,1
Ok lor...,1
"Are you sure you don't mean ""get here, we made you hold all the weed""",1
Dear :-/ why you mood off. I cant drive so i brother to drive,1
"""BOO BABE! U ENJOYIN YOURJOB? U SEEMED 2 B GETTIN ON WELL HUNNY!HOPE URE OK?TAKE CARE & ILLSPEAK 2U SOONLOTS OF LOVEME XXXX.""",1
Kent vale lor... Ü wait 4 me there ar?,1
No. Yes please. Been swimming?,1
"I'm in a meeting, call me later at",1
Er yep sure. Props?,1
May b approve panalam...but it should have more posts..,1
Have you had a good day? Mine was really busy are you up to much tomorrow night?,1
Was actually sleeping and still might when u call back. So a text is gr8. You rock sis. Will send u a text wen i wake.,1
No she didnt. I will search online and let you know.,1
Then we wait 4 u lor... No need 2 feel bad lar...,1
Long beach lor. Expected... U having dinner now?,1
Ok i am on the way to home hi hi,1
And whenever you and i see we can still hook up too.,1
Siva is in hostel aha:-.,1
"Sorry, I'll call later",1
What u mean u almost done? Done wif sleeping? But i tot u going to take a nap.. Yup i send her liao so i'm picking her up at ard 4 smth lor..,1
"Just checked out, heading out to drop off my stuff now",1
O ic lol. Should play 9 doors sometime yo,1
Ya it came a while ago,1
R u sure they'll understand that! Wine * good idea just had a slurp!,1
May i call You later Pls,1
"I can make it up there, squeezed  &lt;#&gt;  bucks out of my dad",1
S:)8 min to go for lunch:),1
HI BABE U R MOST LIKELY TO BE IN BED BUT IM SO SORRY ABOUT TONIGHT! I REALLY WANNA SEE U TOMORROW SO CALL ME AT 9. LOVE ME XXX,1
My sister going to earn more than me da.,1
K actually can you guys meet me at the sunoco on howard? It should be right on the way,1
On the way to office da..,1
hi baby im cruisin with my girl friend what r u up 2? give me a call in and hour at home if thats alright or fone me on this fone now love jenny xxx,1
Fine am simply sitting.,1
Can u look 4 me in da lib i got stuff havent finish yet.,1
I like cheap! But i‘m happy to splash out on the wine if it makes you feel better..,1
Why i come in between you people,1
Yo guess what I just dropped,1
Haha okay... Today weekend leh... ,1
U coming back 4 dinner rite? Dad ask me so i re confirm wif u...,1
"Mum, hope you are having a great day. Hoping this text meets you well and full of life. Have a great day. Abiola",1
Ard 530 lor. I ok then message ü lor.,1
R we still meeting 4 dinner tonight?,1
Oh all have to come ah?,1
I can't make it tonight,1
Oh... Kay... On sat right?,1
Oh k :)why you got job then whats up?,1
Ok darlin i supose it was ok i just worry too much.i have to do some film stuff my mate and then have to babysit again! But you can call me there.xx,1
"I think I‘m waiting for the same bus! Inform me when you get there, if you ever get there.",1
It shall be fine. I have avalarr now. Will hollalater,1
Have a good evening! Ttyl,1
"Sorry, I'll call later",1
"Well the general price is  &lt;#&gt; /oz, let me know if/when/how much you want",1
"Yup. Anything lor, if u dun wan it's ok...",1
"Aight that'll work, thanks",1
Yup ok...,1
Wat time r ü going to xin's hostel?,1
I know that my friend already told that.,1
Just wanted to say holy shit you guys weren't kidding about this bud,1
Jokin only lar... :-) depends on which phone my father can get lor...,1
"Hello, my love! How goes that day ? I wish your well and fine babe and hope that you find some job prospects. I miss you, boytoy ... *a teasing kiss*",1
Can do lor...,1
My uncles in Atlanta. Wish you guys a great semester.,1
Feel Yourself That You Are Always Happy.. Slowly It Becomes Your Habit &amp; Finally It Becomes Part Of Your Life.. Follow It.. Happy Morning &amp; Have A Happy Day:),1
"Sorry im getting up now, feel really bad- totally rejected that kinda me thing.",1
Yes. Rent is very expensive so its the way we save.,1
Actually I decided I was too hungry so I haven't left yet :V,1
1 I don't have her number and 2 its gonna be a massive pain in the ass and i'd rather not get involved if that's possible,1
"""ALRITE HUNNY!WOT U UP 2 2NITE? DIDNT END UP GOIN DOWN TOWN JUS DA PUB INSTEAD! JUS CHILLIN AT DA MO IN ME BEDROOM!LOVE JEN XXX.""",1
"Sorry I missed you babe. I was up late and slept in. I hope you enjoy your driving lesson, boytoy. I miss you too ... *teasing kiss*",1
"Haha... Sounds crazy, dunno can tahan anot...",1
"I am late,so call you tomorrow morning.take care sweet dreams....u and me...ummifying...bye.",1
I think that tantrum's finished so yeah I'll be by at some point,1
My sister got placed in birla soft da:-),1
Leave it. U will always be ignorant.,1
Ü got wat to buy tell us then ü no need to come in again.,1
I need to come home and give you some good lovin...,1
I am on the way to tirupur.,1
* Am on my way,1
Or i go home first lar ü wait 4 me lor.. I put down my stuff first..,1
Then u go back urself lor...,1
Yup... Hey then one day on fri we can ask miwa and jiayin take leave go karaoke ,1
How r ü going to send it to me?,1
Cos darren say ü considering mah so i ask ü...,1
Happy birthday to you....dear.with lots of love.rakhesh NRI,1
"Greetings me, ! Consider yourself excused.",1
Hey leave it. not a big deal:-) take care.,1
No da. I am happy that we sit together na,1
And he's apparently bffs with carly quick now,1
7 lor... Change 2 suntec... Wat time u coming?,1
Babe? You said 2 hours and it's been almost 4 ... Is your internet down ?,1
Yup but it's not giving me problems now so mayb i'll jus leave it...,1
Ok good then i later come find ü... C lucky i told ü to go earlier... Later pple take finish ü no more again...,1
"Alright, we're all set here, text the man",1
"I'll get there at 3, unless you guys want me to come some time sooner",1
Fine. Do you remember me.,1
"Frnd s not juz a word.....not merely a relationship.....its a silent promise which says ... "" I will be with YOU "" Wherevr.. Whenevr.. Forevr... Gudnyt dear..",1
I know but you need to get hotel now. I just got my invitation but i had to apologise. Cali is to sweet for me to come to some english bloke's weddin,1
Thought we could go out for dinner. I'll treat you! Seem ok?,1
Talk to g and x about that,1
ALRITE SAM ITS NIC JUST CHECKIN THAT THIS IS UR NUMBER-SO IS IT?T.B*,1
Not yet chikku..wat abt u?,1
Lol for real. She told my dad I have cancer,1
I had askd u a question some hours before. Its answer,1
I am in hospital da. . I will return home in evening,1
Ok i'm coming home now.,1
"Probably, want to pick up more?",1
What u talking bout early morning? It's almost noon where your at!,1
I though we shd go out n have some fun so bar in town or something – sound ok?,1
When u wana see it then,1
"Awesome, text me when you're restocked",1
I love working from home :),1
"Hi , where are you? We're at  and they're not keen to go out i kind of am but feel i shouldn't so can we go out tomo, don't mind do you?",1
Tell me something. Thats okay.,1
either way works for me. I am  &lt;#&gt;  years old. Hope that doesnt bother you.,1
Sad story of a Man - Last week was my b'day. My Wife did'nt wish me. My Parents forgot n so did my Kids . I went to work. Even my Colleagues did not wish.,1
"Hey chief, can you give me a bell when you get this. Need to talk to you about this royal visit on the 1st june. ",1
Good Morning my Dear........... Have a great &amp; successful day.,1
"Chinatown got porridge, claypot rice, yam cake, fishhead beehoon... Either we eat cheap den go cafe n tok or go nydc or somethin...",1
How come u got nothing to do?,1
"Sounds good, keep me posted",1
Or u ask they all if next sat can a not. If all of them can make it then i'm ok lor.,1
Hhahhaahahah rofl wtf nig was leonardo in your room or something,1
"Happy or sad , one thing about past is- ""Its no more"" GOOD MORNING :-):-).",1
"Its ok chikku, and its my 1 of favourite song..:-)",1
dont make ne plans for nxt wknd coz she wants us to come down then ok,1
Nope watching tv at home... Not going out. V bored...,1
Nice line said by a broken heart- Plz don't cum 1 more times infront of me... Other wise once again I ll trust U... Good 9t:),1
Oh yeah I forgot. U can only take 2 out shopping at once.,1
I dont have any of your file in my bag..i was in work when you called me.i 'll tell you if i find anything in my room.,1
I'm not sure if its still available though,1
"Mmmmm ... I loved waking to your words this morning ! I miss you too, my Love. I hope your day goes well and you are happy. I wait for us to be together again",1
Wish i were with you now!,1
Yetunde i'm in class can you not run water on it to make it ok. Pls now.,1
"Sorry, I'll call later",1
Yes..gauti and sehwag out of odi series.,1
Now get step 2 outta the way. Congrats again.,1
How u doin baby girl ?? hope u are okay every time I call ure phone is off! I miss u get in touch,1
"Say this slowly.? GOD,I LOVE YOU &amp; I NEED YOU,CLEAN MY HEART WITH YOUR BLOOD.Send this to Ten special people &amp; u c miracle tomorrow, do it,pls,pls do it...",1
Yeah my usual guy's out of town but there're definitely people around I know,1
Orh i tot u say she now still dun believe.,1
"Hey there! Glad u r better now. I hear u treated urself to a digi cam, is it good? We r off at 9pm. Have a fab new year, c u in coupla wks!",1
Better. Made up for Friday and stuffed myself like a pig yesterday. Now I feel bleh. But at least its not writhing pain kind of bleh.,1
"Haha awesome, be there in a minute",1
"aight we can pick some up, you open before tonight?",1
I said its okay. Sorry,1
Would really appreciate if you call me. Just need someone to talk to.,1
"Aight, you close by or still down around alex's place?",1
"No my blankets are sufficient, thx",1
"I just lov this line: ""Hurt me with the truth, I don't mind,i wil tolerat.bcs ur my someone..... But, Never comfort me with a lie"" gud ni8 and sweet dreams",1
He says he'll give me a call when his friend's got the money but that he's definitely buying before the end of the week,1
"Hi, can i please get a  &lt;#&gt;  dollar loan from you. I.ll pay you back by mid february. Pls.",1
R ü comin back for dinner?,1
"Hello baby, did you get back to your mom's ? Are you setting up the computer now ? Filling your belly ? How goes it loverboy ? I miss you already ... *sighs*",1
What should i eat fo lunch senor,1
Jus came back fr lunch wif my sis only. U leh?,1
I'm ok. Will do my part tomorrow,1
Ok. I only ask abt e movie. U wan ktv oso?,1
Yunny... I'm goin to be late,1
"Call me, i am senthil from hsbc.",1
Ha ha cool cool chikku chikku:-):-DB-),1
"As I entered my cabin my PA said, '' Happy B'day Boss !!''. I felt special. She askd me 4 lunch. After lunch she invited me to her apartment. We went there.",1
Nope. Meanwhile she talk say make i greet you.,1
Cos daddy arranging time c wat time fetch ü mah...,1
No * am working on the ringing u thing but have whole houseful of screaming brats so * am pulling my hair out! Loving u,1
I have no money 4 steve mate! !,1
Yup i'm still having coffee wif my frens... My fren drove she'll give me a lift...,1
"""Wen u miss someone, the person is definitely special for u..... But if the person is so special, why to miss them, just Keep-in-touch"" gdeve..",1
Ok lor. I ned 2 go toa payoh 4 a while 2 return smth u wan 2 send me there or wat?,1
Gud mrng dear have a nice day,1
We got a divorce. Lol. She.s here,1
We took hooch for a walk toaday and i fell over! Splat! Grazed my knees and everything! Should have stayed at home! See you tomorrow! ,1
"I wasn't well babe, i have swollen glands at my throat ... What did you end up doing ?",1
 gonna let me know cos comes bak from holiday that day.  is coming. Don't4get2text me  number. ,1
"Hmmm ... I thought we said 2 hours slave, not 3 ... You are late ... How should I punish you ?",1
Shall i come to get pickle,1
"Mon okie lor... Haha, best is cheap n gd food la, ex oso okie... Depends on whether wana eat western or chinese food... Den which u prefer... ",1
You could have seen me..i did't recognise you Face.:),1
Prabha..i'm soryda..realy..frm heart i'm sory,1
Okie...,1
"U wake up already? Wat u doing? U picking us up later rite? I'm taking sq825, reaching ard 7 smth 8 like dat. U can check e arrival time. C ya soon...",1
No problem with the renewal. I.ll do it right away but i dont know his details.,1
Lol no ouch but wish i'd stayed out a bit longer,1
I know a few people I can hit up and fuck to the yes,1
Lol! U drunkard! Just doing my hair at d moment. Yeah still up 4 tonight. Wats the plan? ,1
Yes i thought so. Thanks.,1
You available now? I'm like right around hillsborough &amp;  &lt;#&gt; th,1
"Good afternoon sunshine! How dawns that day ? Are we refreshed and happy to be alive? Do we breathe in the air and smile ? I think of you, my love ... As always",1
Thanx u darlin!im cool thanx. A few bday drinks 2 nite. 2morrow off! Take care c u soon.xxx,1
"No i'm not. I can't give you everything you want and need. You actually could do better for yourself on yor own--you've got more money than i do. I can't get work, i can't get a man, i can't pay the rent, i can't even fill my fucking gas tank. yes, i'm stressed and depressed. I didn't even call home for thanksgiving cuz i'll have to tell them i,m up to nothing.",1
Good Morning my Dear........... Have a great &amp; successful day.,1
"Hey doc pls I want to get nice t shirt for my hubby nice fiting ones my budget is  &lt;#&gt; k help pls I will load d card abi hw,keep me posted luv. 2 mj",1
Does not operate after  &lt;#&gt;  or what,1
Really do hope the work doesnt get stressful. Have a gr8 day.,1
Enjoy urself tmr...,1
Lol no. U can trust me.,1
Am not working but am up to eyes in philosophy so will text u later when a bit more free for chat...,1
"Sorry, I'll call later",1
Back in brum! Thanks for putting us up and keeping us all and happy. See you soon ,1
"I can probably come by, everybody's done around  &lt;#&gt;  right?",1
Got meh... When?,1
"Fyi I'm taking a quick shower, be at epsilon in like  &lt;#&gt;  min",1
"Hmmm.. Thk sure got time to hop ard... Ya, can go 4 free abt... Muz call u to discuss liao... ",1
"Hey babe, my friend had to cancel, still up for a visit ?",1
Ill call you evening ill some ideas.,1
Yar he quite clever but aft many guesses lor. He got ask me 2 bring but i thk darren not so willing 2 go. Aiya they thk leona still not attach wat.,1
Becoz its  &lt;#&gt;  jan whn al the post ofice is in holiday so she cn go fr the post ofice...got it duffer,1
Nope but i'm going home now then go pump petrol lor... Like going 2 rain soon...,1
I know complain num only..bettr directly go to bsnl offc nd apply for it..,1
I wnt to buy a BMW car urgently..its vry urgent.but hv a shortage of  &lt;#&gt; Lacs.there is no source to arng dis amt. &lt;#&gt; lacs..thats my prob,1
"Well, i'm glad you didn't find it totally disagreeable ... Lol",1
"Me, i dont know again oh",1
"I'm nt goin, got somethin on, unless they meetin 4 dinner lor... Haha, i wonder who will go tis time...",1
"Wen ur lovable bcums angry wid u, dnt take it seriously.. Coz being angry is d most childish n true way of showing deep affection, care n luv!.. kettoda manda... Have nice day da.",1
Yes:)from last week itself i'm taking live call.,1
I'm wif him now buying tix lar...,1
Am okay. Will soon be over. All the best,1
My sis is catching e show in e afternoon so i'm not watching w her. So c u wan 2 watch today or tmr lor.,1
How much i gave to you. Morning.,1
Yo! Howz u? girls never rang after india. L,1
"Well imma definitely need to restock before thanksgiving, I'll let you know when I'm out",1
No need to buy lunch for me.. I eat maggi mee..,1
Nah im goin 2 the wrks with j wot bout u?,1
Just woke up. Yeesh its late. But I didn't fall asleep til &lt;#&gt; am :/,1
"Ok da, i already planned. I wil pick you.",1
Sorry de i went to shop.,1
"Good! No, don‘t need any receipts—well done! (…) Yes, please tell . What‘s her number, i could ring her",1
K.k:)i'm going to tirunelvali this week to see my uncle ..i already spend the amount by taking dress .so only i want money.i will give it on feb 1,1
"Come to me, slave. Your doing it again ... Going into your shell and unconsciously avoiding me ... You are making me unhappy :-(",1
Raji..pls do me a favour. Pls convey my Birthday wishes to Nimya. Pls. Today is her birthday.,1
Sorry to be a pain. Is it ok if we meet another night? I spent late afternoon in casualty and that means i haven't done any of y stuff42moro and that includes all my time sheets and that. Sorry. ,1
Hmm thinking lor...,1
"Whats that coming over the hill..... Is it a monster! Hope you have a great day. Things r going fine here, busy though! ",1
Pls accept me for one day. Or am begging you change the number.,1
"Sorry,  in meeting I'll call you later",1
You dont know you jabo me abi.,1
Nope but i'll b going 2 sch on fri quite early lor cos mys sis got paper in da morn :-),1
I'm turning off my phone. My moms telling everyone I have cancer. And my sister won't stop calling. It hurts to talk. Can't put up with it. See u when u get home. Love u,1
U still painting ur wall?,1
The bus leaves at  &lt;#&gt; ,1
hows my favourite person today? r u workin hard? couldn't sleep again last nite nearly rang u at 4.30,1
U come n search tat vid..not finishd..,1
Love you aathi..love u lot..,1
Why you Dint come with us.,1
But i'll b going 2 sch on mon. My sis need 2 take smth.,1
Ok... Take ur time n enjoy ur dinner...,1
How's ur paper?,1
So wat's da decision?,1
Aiyo u so poor thing... Then u dun wan 2 eat? U bathe already?,1
Gd luck 4 ur exams :-),1
Ya! when are ü taking ure practical lessons? I start in june..  ,1
Nope... C ü then...,1
"Aiyo... U always c our ex one... I dunno abt mei, she haven reply... First time u reply so fast... Y so lucky not workin huh, got bao by ur sugardad ah...gee.. ",1
Was gr8 to see that message. So when r u leaving? Congrats dear. What school and wat r ur plans.,1
Still otside le..u come 2morrow maga..,1
Ya:)going for restaurant..,1
But i haf enuff space got like 4 mb...,1
Hey happy birthday...,1
"Me also da, i feel yesterday night  wait til 2day night dear.",1
 &lt;#&gt;  mins but i had to stop somewhere first.,1
U calling me right? Call my hand phone...,1
How will I creep on you now? ;_;,1
I thk u dun haf 2 hint in e forum already lor... Cos i told ron n darren is going 2 tell shuhui.,1
Hi its me you are probably having too much fun to get this message but i thought id txt u cos im bored! and james has been farting at me all night,1
"I‘ve got some salt, you can rub it in my open wounds if you like!",1
Ok i msg u b4 i leave my house.,1
Which channel:-):-):):-).,1
You give us back my id proof and  &lt;#&gt;  rs. We wont allow you to work. We will come to your home within days,1
Okay. I've seen it. So i should pick it on friday?,1
Ok lor. I'm in town now lei.,1
"Sorry chikku, my cell got some problem thts y i was nt able to reply u or msg u..",1
Ok lor... Or u wan me go look 4 u?,1
Babe ! What are you doing ? Where are you ? Who are you talking to ? Do you think of me ? Are you being a good boy? Are you missing me? Do you love me ?,1
I agree. So i can stop thinkin about ipad. Can you please ask macho the same question.,1
"Happy new year to u and ur family...may this new year bring happiness , stability and tranquility to ur vibrant colourful life:):)",1
Pls help me tell Ashley that i cant find her number oh,1
HIYA STU WOT U UP 2.IM IN SO MUCH TRUBLE AT HOME AT MOMENT EVONE HATES ME EVEN U! WOT THE HELL AV I DONE NOW? Y WONT U JUST TELL ME TEXT BCK PLEASE LUV DAN ,1
Watching tv lor. Nice one then i like lor.,1
Yup i've finished c ü there...,1
Wat makes u thk i'll fall down. But actually i thk i'm quite prone 2 falls. Lucky my dad at home i ask him come n fetch me already.,1
I'll probably be by tomorrow (or even later tonight if something's going on),1
How are you with moneY...as in to you...money aint a thing....how are you sha!,1
have got * few things to do. may be in * pub later.,1
Ok i go change also...,1
Doing my masters. When will you buy a bb cos i have for sale and how's bf,1
"Sorry, I'll call later in meeting.",1
Hi..i got the money da:),1
Lol they were mad at first but then they woke up and gave in.,1
"I think we're going to finn's now, come",1
K..k..i'm also fine:)when will you complete the course?,1
:-) yeah! Lol. Luckily i didn't have a starring role like you!,1
"Hello, yeah i've just got out of the bath and need to do my hair so i'll come up when i'm done, yeah?",1
Where r we meeting?,1
Ok lor ü reaching then message me.,1
HI BABE IM AT HOME NOW WANNA DO SOMETHING? XX,1
No dear i was sleeping :-P,1
Just got up. have to be out of the room very soon. …. i hadn't put the clocks back til at 8 i shouted at everyone to get up and then realised it was 7. wahay. another hour in bed.,1
I had it already..sabarish asked me to go..,1
Umma. Did she say anything,1
In that case I guess I'll see you at campus lodge,1
I think i am disturbing her da,1
"As usual..iam fine, happy &amp; doing well..:)",1
Aiyar sorry lor forgot 2 tell u...,1
Oh yes I can speak txt 2 u no! Hmm. Did u get  email?,1
Not a lot has happened here. Feels very quiet. Beth is at her aunts and charlie is working lots. Just me and helen in at the mo. How have you been? ,1
Ü comin to fetch us oredi...,1
My birthday is on feb  &lt;#&gt;  da. .,1
Wat makes some people dearer is not just de happiness dat u feel when u meet them but de pain u feel when u miss dem!!!,1
A lot of this sickness thing going round. Take it easy. Hope u feel better soon. Lol,1
"Good afternoon, my love ! Any job prospects ? Are you missing me ? What do you do ? Are you being lazy and bleak, hmmm ? Or happy and filled with my love ?",1
"Until 545 lor... Ya, can go 4 dinner together...",1
"HI HUN! IM NOT COMIN 2NITE-TELL EVERY1 IM SORRY 4 ME, HOPE U AVA GOODTIME!OLI RANG MELNITE IFINK IT MITE B SORTED,BUT IL EXPLAIN EVERYTHIN ON MON.L8RS.x",1
"Yo carlos, a few friends are already asking me about you, you working at all this weekend?",1
Yes.mum lookin strong:),1
Call me when u're done...,1
Ron say fri leh. N he said ding tai feng cant make reservations. But he said wait lor.,1
Ok. But i finish at 6.,1
Hey whats up? U sleeping all morning?,1
Hai ana tomarrow am coming on morning.  &lt;DECIMAL&gt;  ill be there in sathy then we ll go to RTO office. Reply me after came to home.,1
Sorry da thangam.it's my mistake.,1
How i noe... She's in da car now... Later then c lar... I'm wearing shorts...,1
You didnt complete your gist oh.,1
At 7 we will go ok na.,1
Now only i reached home. . . I am very tired now. . I will come tomorro,1
Hey anyway i have to :-),1
Me fine..absolutly fine,1
"""HELLO U.CALL WEN U FINISH WRK.I FANCY MEETIN UP WIV U ALL TONITE AS I NEED A BREAK FROM DABOOKS. DID 4 HRS LAST NITE+2 TODAY OF WRK!""",1
"Storming msg: Wen u lift d phne, u say ""HELLO"" Do u knw wt is d real meaning of HELLO?? . . . It's d name of a girl..! . . . Yes.. And u knw who is dat girl?? ""Margaret Hello"" She is d girlfrnd f Grahmbell who invnted telphone... . . . . Moral:One can 4get d name of a person, bt not his girlfrnd... G o o d n i g h t . . .@",1
Ok... C ya...,1
Da is good good player.why he is unsold.,1
Can i get your opinion on something first?,1
I donno its in your genes or something,1
HI DARLIN HOW WAS WORK DID U GET INTO TROUBLE? IJUST TALKED TO YOUR MUM ALL MORNING! I HAD A REALLY GOOD TIME LAST NIGHT IM GOIN OUT SOON BUT CALL ME IF U CAN,1
I'll talk to the others and probably just come early tomorrow then,1
Ew are you one of them?,1
I was just callin to say hi. Take care bruv!,1
Tomarrow i want to got to court. At  &lt;DECIMAL&gt; . So you come to bus stand at 9.,1
Well done and ! luv ya all ,1
No let me do the math. Your not good at it.,1
DO U WANT 2 MEET UP 2MORRO,1
Sday only joined.so training we started today:),1
Lmao!nice 1,1
"2 celebrate my bday, y else?",1
I will spoil you in bed as well :),1
U ned to convince him tht its not possible witot hurting his feeling its the main,1
Got c... I lazy to type... I forgot ü in lect... I saw a pouch but like not v nice...,1
cud u tell ppl im gona b a bit l8 cos 2 buses hav gon past cos they were full & im still waitin 4 1. Pete x,1
What you thinked about me. First time you saw me in class.,1
Guess which pub im in? Im as happy as a pig in clover or whatever the saying is! ,1
"Hey, iouri gave me your number, I'm wylie, ryan's friend",1
Waiting in e car 4 my mum lor. U leh? Reach home already?,1
Wanna do some art?! :D,1
How are you enjoying this semester? Take care brother.,1
R u meeting da ge at nite tmr?,1
"Haha get used to driving to usf man, I know a lot of stoners",1
Ok... Thanx... Gd nite 2 ü too...,1
"Nothing much, chillin at home. Any super bowl plan?",1
Boo. How's things? I'm back at home and a little bored already :-(,1
How are you babes. Hope your doing ok. I had a shit nights sleep. I fell asleep at 5.Im knackered and im dreading work tonight. What are thou upto tonight. X,1
Most of the tiime when i don't let you hug me it's so i don't break into tears.,1
Am in film ill call you later.,1
Can... I'm free...,1
Oh and by the way you do have more food in your fridge! Want to go out for a meal tonight? ,1
Hey... Very inconvenient for your sis a not huh?,1
Leave it de:-). Start Prepare for next:-)..,1
Dunno lei he neva say...,1
Tell your friends what you plan to do on Valentines day @ &lt;URL&gt;,1
"It's ok, at least armand's still around",1
Idk. I'm sitting here in a stop and shop parking lot right now bawling my eyes out because i feel like i'm a failure in everything. Nobody wants me and now i feel like i'm failing you.,1
Then ur sis how?,1
Quite ok but a bit ex... U better go eat smth now else i'll feel guilty...,1
"Goodnight, sleep well da please take care pa. Please.",1
Hello boytoy ! Geeee ... I'm missing you today. I like to send you a tm and remind you I'm thinking of you ... And you are loved ... *loving kiss*,1
"Aight will do, thanks again for comin out",1
Nope thats fine. I might have a nap tho! ,1
Juz go google n search 4 qet...,1
"Sorry,in meeting I'll call later",1
We will meet soon princess! Ttyl!,1
Ok lor.,1
"Oh right, ok. I'll make sure that i do loads of work during the day!  got a really nasty cough today and is dry n shot so that should really help it!",1
"Awesome, think we can get an 8th at usf some time tonight?",1
No plm i will come da. On the way.,1
Jus telling u dat i'll b leaving 4 shanghai on 21st instead so we'll haf more time 2 meet up cya...,1
Think + da. You wil do.,1
Please da call me any mistake from my side sorry da. Pls da goto doctor.,1
"Well, I have to leave for my class babe ... You never came back to me ... :-( ... Hope you have a nice sleep, my love",1
As usual u can call me ard 10 smth.,1
Wot u up 2? Thout u were gonna call me!! Txt bak luv K,1
"I dun thk i'll quit yet... Hmmm, can go jazz ? Yogasana oso can... We can go meet em after our lessons den... ",1
I dont know why she.s not getting your messages,1
Yup. Izzit still raining heavily cos i'm in e mrt i can't c outside.,1
I only work from mon to thurs but Sat i cant leh... Booked liao... Which other day u free?,1
Now project pa. After that only i can come.,1
Ü called dad oredi...,1
So u gonna get deus ex?,1
"I call you later, don't have network. If urgnt, sms me.",1
"Machan you go to gym tomorrow,  i wil come late goodnight.",1
Cool. I am  &lt;#&gt;  inches long. hope you like them big!,1
Well there's still a bit left if you guys want to tonight,1
"My life Means a lot to me, Not because I love my life, But because I love the people in my life, The world calls them friends, I call them my World:-).. Ge:-)..",1
Jos ask if u wana meet up?,1
Why nothing. Ok anyway give me treat,1
You said to me before i went back to bed that you can't sleep for anything.,1
"Thanx. Yup we coming back on sun. Finish dinner going back 2 hotel now. Time flies, we're tog 4 exactly a mth today. Hope we'll haf many more mths to come...",1
Ok lor wat time ü finish?,1
"Ok., is any problem to u frm him? Wats matter?",1
"Dear relieved of westonzoyland, all going to plan this end too!",1
Are you this much buzy,1
ZOE IT JUST HIT ME 2 IM FUCKING SHITIN MYSELF IL DEFO TRY MY HARDEST 2 CUM 2MOROW LUV U MILLIONS LEKDOG,1
Ding me on ya break fassyole! Blacko from londn,1
I'm not coming home 4 dinner.,1
Call me when u finish then i come n pick u.,1
Easy ah?sen got selected means its good..,1
"Whenevr ur sad, Whenevr ur gray, Remembr im here 2 listn 2 watevr u wanna say, Jus walk wid me a little while,&amp; I promise I'll bring back ur smile.:-)",1
What do u want when i come back?.a beautiful necklace as a token of my heart for you.thats what i will give but ONLY to MY WIFE OF MY LIKING.BE THAT AND SEE..NO ONE can give you that.dont call me.i will wait till i come.,1
Oh ok wait 4 me there... My lect havent finish,1
I come n pick ü up... Come out immediately aft ur lesson...,1
"Haha... Where got so fast lose weight, thk muz go 4 a month den got effect... Gee,later we go aust put bk e weight.",1
How to Make a girl Happy? It's not at all difficult to make girls happy. U only need to be... 1. A friend 2. Companion 3. Lover 4. Chef . . .  &lt;#&gt; . Good listener  &lt;#&gt; . Organizer  &lt;#&gt; . Good boyfriend  &lt;#&gt; . Very clean  &lt;#&gt; . Sympathetic  &lt;#&gt; . Athletic  &lt;#&gt; . Warm . . .  &lt;#&gt; . Courageous  &lt;#&gt; . Determined  &lt;#&gt; . True  &lt;#&gt; . Dependable  &lt;#&gt; . Intelligent . . .  &lt;#&gt; . Psychologist  &lt;#&gt; . Pest exterminator  &lt;#&gt; . Psychiatrist  &lt;#&gt; . Healer . .  &lt;#&gt; . Stylist  &lt;#&gt; . Driver . . Aaniye pudunga venaam..,1
"Just gettin a bit arty with my collages at the mo, well tryin 2 ne way! Got a roast in a min lovely i shall enjoy that!",1
Thanx a lot...,1
I can't believe how attached I am to seeing you every day. I know you will do the best you can to get to me babe. I will go to teach my class at your midnight,1
In meeting da. I will call you,1
"Sorry, I'll call you  later. I am in meeting sir.",1
Nope i waiting in sch 4 daddy... ,1
Yun ah.now ü wkg where?btw if ü go nus sc. Ü wana specialise in wad?,1
That one week leave i put know that time. Why.,1
U're welcome... Caught u using broken english again...,1
In work now. Going have in few min.,1
Well. You know what i mean. Texting,1
"1.20 that call cost. Which i guess isnt bad. Miss ya, need ya, want ya, love ya",1
Looks like u wil b getting a headstart im leaving here bout 2.30ish but if u r desperate for my company I could head in earlier-we were goin to meet in rummer.,1
Oh. U must have taken your REAL Valentine out shopping first.,1
Yar but they say got some error.,1
yeah sure thing mate haunt got all my stuff sorted but im going sound anyway promoting hex for .by the way who is this? dont know number. Joke,1
Pls i wont belive god.not only jesus.,1
I taught that Ranjith sir called me. So only i sms like that. Becaus hes verifying about project. Prabu told today so only pa dont mistake me..,1
Then cant get da laptop? My matric card wif ü lei... ,1
Ok then no need to tell me anything i am going to sleep good night,1
He's just gonna worry for nothing. And he won't give you money its no use.,1
Anything lor is she coming?,1
So when do you wanna gym?,1
Pls dont restrict her from eating anythin she likes for the next two days.,1
Goin to workout lor... Muz lose e fats... ,1
Mm umma ask vava also to come tell him can play later together,1
"Hey, can you tell me blake's address? Carlos wanted me to meet him there but I got lost and he's not answering his phone",1
Remember on that day..,1
You didn't have to tell me that...now i'm thinking. Plus he's going to stop all your runs,1
Great! I shoot big loads so get ready!,1
I got your back! Do you have any dislikes in bed?,1
I cant wait for cornwall. Hope tonight isnt too bad as well but its rock night shite. Anyway im going for a kip now have a good night. Speak to you soon.,1
Well good morning mr . Hows london treatin' ya treacle?,1
Lol alright i was thinkin that too haha,1
Jus ans me lar. U'll noe later.,1
But i juz remembered i gotta bathe my dog today..,1
"Sorry, I'll call later",1
"Just making dinner, you ?",1
I will come tomorrow di,1
If i not meeting ü all rite then i'll go home lor. If ü dun feel like comin it's ok.,1
Is xy in ur car when u picking me up?,1
Hey are you angry with me. Reply me dr.,1
"Short But Cute: ""Be a good person, but dont try to prove it.."" .Gud noon....",1
Yup... From what i remb... I think should be can book... ,1
"Dont give a monkeys wot they think and i certainly don't mind. Any friend of mine&all that! Just don't sleep wiv , that wud be annoyin!",1
Come to mahal bus stop.. &lt;DECIMAL&gt;,1
I.ll hand her my phone to chat wit u,1
K..k...from tomorrow onwards started ah?,1
"It wont b until 2.15 as trying 2 sort house out, is that ok?",1
I'll text you when I drop x off,1
Boooo you always work. Just quit.,1
That's y u haf 2 keep me busy...,1
"Cool, what time you think you can get here?",1
What i told before i tell. Stupid hear after i wont tell anything to you. You dad called to my brother and spoken. Not with me.,1
No it was cancelled yeah baby! Well that sounds important so i understand my darlin give me a ring later on this fone love Kate x,1
"Oh... I was thkin of goin yogasana at 10 den no nd to go at 3 den can rush to parco 4 nb... Okie lor, u call me when ready...",1
I've sent ü my part..,1
"Arms fine, how's Cardiff and uni? ",1
Haha i think i did too,1
"No, I was trying it all weekend ;V",1
Good morning princess! Have a great day!,1
Yeah I can still give you a ride,1
aathi..where are you dear..,1
Umma my life and vava umma love you lot dear,1
Thx. All will be well in a few months,1
"How's my loverboy doing ? What does he do that keeps him from coming to his Queen, hmmm ? Doesn't he ache to speak to me ? Miss me desparately ?",1
Ok lar... Joking wif u oni...,1
Thats cool. I want to please you...,1
Oh ic. I thought you meant mary jane.,1
Go where n buy? Juz buy when we get there lar.,1
"I guess you could be as good an excuse as any, lol.",1
No you'll just get a headache trying to figure it out. U can trust me to do the math. I promise. O:-),1
Tmr then ü brin lar... Aiya later i come n c lar... Mayb ü neva set properly ü got da help sheet wif ü...,1
"Sounds gd... Haha... Can... Wah, u yan jiu so fast liao...",1
Ok ill tell the company,1
Aiyah ok wat as long as got improve can already wat...,1
K:)k:)good:)study well.,1
So wats ur opinion abt him and how abt is character?,1
Okay name ur price as long as its legal! Wen can I pick them up? Y u ave x ams xx,1
I am late. I will be there at,1
Oh thanks a lot..i already bought 2 eggs ..,1
Yeah I'll try to scrounge something up,1
Yes i think so. I am in office but my lap is in room i think thats on for the last few days. I didnt shut that down,1
I dunno they close oredi not... Ü v ma fan...,1
"Sorry, I can't text &amp; drive coherently, see you in twenty",1
"If e timing can, then i go w u lor...",1
Well that must be a pain to catch,1
Hi i won't b ard 4 christmas. But do enjoy n merry x'mas.,1
Otherwise had part time job na-tuition..,1
Its too late:)but its k.wish you the same.,1
Oooh I got plenty of those!,1
"I'm in a meeting, call me later at",1
Dear umma she called me now :-),1
I had a good time too. Its nice to do something a bit different with my weekends for a change. See ya soon,1
Ok no prob... I'll come after lunch then...,1
Aah bless! How's your arm?,1
Aiyo a bit pai seh ü noe... Scared he dun rem who i am then die... Hee... But he become better lookin oredi leh...,1
This is hoping you enjoyed your game yesterday. Sorry i've not been in touch but pls know that you are fondly bein thot off. Have a great week. Abiola,1
Shhhhh nobody is supposed to know!,1
Guess he wants alone time. We could just show up and watch when they do..,1
"Hi hope u r both ok, he said he would text and he hasn't, have u seen him, let me down gently please ",1
 &lt;#&gt;  in mca. But not conform.,1
Ugh just got outta class,1
Gokila is talking with you aha:),1
"That's cool he'll be here all night, lemme know when you're around",1
"Dear, take care. I am just reaching home.love u a lot.",1
Wot is u up 2 then bitch?,1
Lol u still feeling sick?,1
Congrats kano..whr s the treat maga?,1
Hey ! Don't forget ... You are MINE ... For ME ... My possession ... MY property ... MMM ... *childish smile* ...,1
Who u talking about?,1
"We are at grandmas. Oh dear, u still ill? I felt Shit this morning but i think i am just hungover! Another night then. We leave on sat.",1
Okie...,1
Thats cool. How was your day?,1
Call me when you get the chance plz &lt;3,1
I‘m going to try for 2 months ha ha only joking,1
Lol no. Just trying to make your day a little more interesting,1
Tell rob to mack his gf in the theater,1
Now? I'm going out 4 dinner soon..,1
Yar lor wait 4 my mum 2 finish sch then have lunch lor... I whole morning stay at home clean my room now my room quite clean... Hee...,1
I asked sen to come chennai and search for job.,1
That depends. How would you like to be treated? :),1
"I do know what u mean,  is the king of not havin credit! I'm goin2bed now. Night night sweet! Only1more sleep! ",1
I not free today i haf 2 pick my parents up tonite...,1
Bring tat cd don forget,1
Shant disturb u anymore... Jia you...,1
Oh oh... Wasted... Den muz chiong on sat n sun liao...,1
Well I'm going to be an aunty!,1
Aiya we discuss later lar... Pick ü up at 4 is it?,1
Asking do u knw them or nt? May be ur frnds or classmates?,1
Hi did u decide wot 2 get 4 his bday if not ill prob jus get him a voucher frm virgin or sumfing ,1
But if she.s drinkin i'm ok.,1
"Somewhr someone is surely made 4 u. And God has decided a perfect time to make u meet dat person. . . . till den, . . . . . Enjoy ur crushes..!!!;-)",1
"Babe, I'm back ... Come back to me ...",1
"Hmmm... Guess we can go 4 kb n power yoga... Haha, dunno we can tahan power yoga anot... Thk got lo oso, forgot liao...",1
Wat time do u wan 2 meet me later?,1
"(No promises on when though, haven't even gotten dinner yet)",1
"Oops, I'll let you know when my roommate's done",1
No wonder... Cos i dun rem seeing a silver car... But i thk i saw a black one...,1
"Single line with a big meaning::::: ""Miss anything 4 ur ""Best Life"" but, don't miss ur best life for anything... Gud nyt...",1
Baaaaabe! I misss youuuuu ! Where are you ? I have to go and teach my class at 5 ...,1
I'm on da bus going home...,1
I cant pick the phone right now. Pls send a message,1
Are you up for the challenge? I know i am :),1
Thanx but my birthday is over already.,1
"Yeah there's barely enough room for the two of us, x has too many fucking shoes. Sorry man, see you later",1
"I hope your alright babe? I worry that you might have felt a bit desparate when you learned the job was a fake ? I am here waiting when you come back, my love",1
"Yeah that's what I thought, lemme know if anything's goin on later",1
"Oh fine, I'll be by tonight",1
I've told him that i've returned it. That should i re order it.,1
Then dun wear jeans lor...,1
Oh k.i think most of wi and nz players unsold.,1
Dude we should go sup again,1
"I'm gonna be home soon and i don't want to talk about this stuff anymore tonight, k? I've cried enough today.",1
S.i'm watching it in live..,1
"Hmmm ... And imagine after you've come home from that having to rub my feet, make me dinner and help me get ready for my date ! Are you sure your ready for that kind of life ?",1
At home watching tv lor.,1
"Yes, i'm small kid.. And boost is the secret of my energy..",1
Jus finish watching tv... U?,1
I'm coming home 4 dinner.,1
Good day to You too.Pray for me.Remove the teeth as its painful maintaining other stuff.,1
Lmao but its so fun...,1
"Although i told u dat i'm into baig face watches now but i really like e watch u gave cos it's fr u. Thanx 4 everything dat u've done today, i'm touched...",1
"I noe la... U wana pei bf oso rite... K lor, other days den...",1
You also didnt get na hi hi hi hi hi,1
i cant talk to you now.i will call when i can.dont keep calling.,1
So i could kiss and feel you next to me...,1
Anything lor... U decide...,1
I'm glad. You are following your dreams.,1
"Tonight? Yeah, I'd be down for that",1
"* Was a nice day and, impressively, i was sensible, went home early and now feel fine. Or am i just boring?! When's yours, i can't remember.",1
"Hi, my love! How goes that day? Fuck, this morning I woke and dropped my cell on the way down the stairs but it seems alright ... *phews* I miss you !",1
You flippin your shit yet?,1
THANX4 TODAY CER IT WAS NICE 2 CATCH UP BUT WE AVE 2 FIND MORE TIME MORE OFTEN OH WELL TAKE CARE C U SOON.C,1
What time you think you'll have it? Need to know when I should be near campus,1
"* Was really good to see you the other day dudette, been missing you!",1
Hmm .. Bits and pieces lol ... *sighs* ...,1
U really pig leh sleep so much. My dad wake me up at 10 smth 2 eat lunch today.,1
"No, its true..k,Do u knw dis no. &lt;#&gt; ?",1
Yup having my lunch buffet now.. U eat already?,1
Hi:)did you asked to waheeda fathima about leave?,1
Ok lor. Anyway i thk we cant get tickets now cos like quite late already. U wan 2 go look 4 ur frens a not? Darren is wif them now...,1
Hmmm...k...but i want to change the field quickly da:-)i wanna get system administrator or network administrator..,1
I don't run away frm u... I walk slowly &amp; it kills me that u don't care enough to stop me...,1
Also fuck you and your family for going to rhode island or wherever the fuck and leaving me all alone the week I have a new bong &gt;:(,1
Oic... Then better quickly go bathe n settle down...,1
Sounds great! Are you home now?,1
"What are you doing in langport? Sorry, but I'll probably be in bed by 9pm. It sucks being ill at xmas! When do you and go2sri lanka? ",1
"Aight, call me once you're close",1
"Cool, text me when you're parked",1
Nt joking seriously i told,1
"Single line with a big meaning::::: ""Miss anything 4 ur ""Best Life"" but, don't miss ur best life for anything... Gud nyt...",1
It's ok i wun b angry. Msg u aft i come home tonight.,1
K:)k.are you in college?,1
Ok no prob...,1
"Got ur mail Dileep.thank you so muchand look forward to lots of support...very less contacts here,remember one venugopal you mentioned.tomorrow if not late,i shall try to come up till there.goodnight dear.",1
&lt;#&gt;  w jetton ave if you forgot,1
It's ok lar. U sleep early too... Nite...,1
K do I need a login or anything,1
Ummma.will call after check in.our life will begin from qatar so pls pray very hard.,1
That's ok. I popped in to ask bout something and she said you'd been in. Are you around tonght wen this girl comes?,1
So u wan 2 come for our dinner tonight a not?,1
Meeting u is my work. . . Tel me when shall i do my work tomorrow,1
I'm hungry buy smth home...,1
Tell me whos this pls:-),1
Ok i will tell her to stay out. Yeah its been tough but we are optimistic things will improve this month.,1
Neva mind it's ok..,1
You'll never believe this but i have actually got off at taunton. Wow,1
U horrible gal... U knew dat i was going out wif him yest n u still come n ask me...,1
Okay lor... Will they still let us go a not ah? Coz they will not know until later. We drop our cards into the box right?,1
See? I thought it all through,1
U can call me now...,1
Must come later.. I normally bathe him in da afternoon mah..,1
Hi where you. You in home or calicut?,1
I have printed it oh. So  &lt;#&gt;  come upstairs,1
Okie... Thanx...,1
Wow v v impressed. Have funs shopping!,1
Yo you around? A friend of mine's lookin to pick up later tonight,1
I fetch yun or u fetch?,1
Was playng 9 doors game and gt racing on phone lol,1
Hey what how about your project. Started aha da.,1
Can i meet ü at 5.. As 4 where depends on where ü wan 2 in lor..,1
"Sorry, I'll call later",1
Yeah we do totes. When u wanna?,1
"Sorry, I'll call later",1
Yar i wanted 2 scold u yest but late already... I where got zhong se qing you? If u ask me b4 he ask me then i'll go out w u all lor. N u still can act so real.,1
Yes we were outside for like 2 hours. And I called my whole family to wake them up cause it started at 1 am,1
Ok im not sure what time i finish tomorrow but i wanna spend the evening with you cos that would be vewy vewy lubly! Love me xxx,1
I wil be there with in  &lt;#&gt;  minutes. Got any space,1
His frens go then he in lor. Not alone wif my mum n sis lor.,1
But we havent got da topic yet rite?,1
Raji..pls do me a favour. Pls convey my Birthday wishes to Nimya. Pls. Today is her birthday.,1
Okie ü wan meet at bishan? Cos me at bishan now. I'm not driving today.,1
"Awesome, plan to get here any time after like  &lt;#&gt; , I'll text you details in a wee bit",1
Ya just telling abt tht incident..,1
"Yeah I think my usual guy's still passed out from last night, if you get ahold of anybody let me know and I'll throw down",1
Same as kallis dismissial in 2nd test:-).,1
S'fine. Anytime. All the best with it.,1
Did you show him and wot did he say or could u not c him 4 dust?,1
Still at west coast... Haiz... Ü'll take forever to come back...,1
Oh...i asked for fun. Haha...take care. ü,1
Anything lar then ü not going home 4 dinner?,1
"(And my man carlos is definitely coming by mu tonight, no excuses)",1
Hey you still want to go for yogasana? Coz if we end at cine then can go bathe and hav the steam bath,1
"Just dropped em off, omw back now",1
Now that you have started dont stop. Just pray for more good ideas and anything i see that can help you guys i.ll forward you a link.,1
Hiya do u like the hlday pics looked horrible in them so took mo out! Hows the camp Amrca thing? Speak soon Serena:),1
Then wat r u doing now? Busy wif work?,1
I wont do anything de.,1
Yo sorry was in the shower sup,1
K..then come wenever u lik to come and also tel vikky to come by getting free time..:-),1
"Good afternoon, my love! How goes that day ? I hope maybe you got some leads on a job. I think of you, boytoy and send you a passionate kiss from across the sea",1
Nite...,1
Uhhhhrmm isnt having tb test bad when youre sick,1
Hey what are you doing. Y no reply pa..,1
"Actually, my mobile is full of msg. And i m doing a work online, where i need to send them  &lt;#&gt;  sent msg i wil explain u later.",1
Okie but i scared u say i fat... Then u dun wan me already...,1
Yup n her fren lor. I'm meeting my fren at 730.,1
Badrith is only for chennai:)i will surely pick for us:)no competition for him.,1
Oh ok no prob..,1
I borrow ur bag ok.,1
She's good. How are you. Where r u working now,1
Jus finish my lunch on my way home lor... I tot u dun wan 2 stay in sch today...,1
When should I come over?,1
Y?WHERE U AT DOGBREATH? ITS JUST SOUNDING LIKE JAN C THATS AL!!!!!!!!!,1
"""Im on gloucesterroad what are uup to later?""",1
"That day ü say ü cut ur hair at paragon, is it called hair sense? Do ü noe how much is a hair cut? ",1
Check mail.i have mailed varma and kept copy to you regarding membership.take care.insha allah.,1
"Sorry,in meeting I'll call later",1
Nope wif my sis lor... Aft bathing my dog then i can bathe... Looks like it's going 2 rain soon.,1
"Alright, I'll head out in a few minutes, text me where to meet you",1
On ma way to school. Can you pls send me ashley's number,1
Mum say we wan to go then go... Then she can shun bian watch da glass exhibition... ,1
Love you aathi..love u lot..,1
I know she called me,1
"I get out of class in bsn in like  &lt;#&gt;  minutes, you know where advising is?",1
Horrible gal. Me in sch doing some stuff. How come u got mc?,1
Hi im having the most relaxing time ever! we have to get up at 7am every day! was the party good the other night? I get home tomorrow at 5ish.,1
Do u knw dis no. &lt;#&gt; ?,1
"That's fine, I'll bitch at you about it later then",1
"Ok thats cool. Its , just off either raglan rd or edward rd. Behind the cricket ground. Gimme ring when ur closeby see you tuesday.",1
I like you peoples very much:) but am very shy pa.,1
U in town alone?,1
I also thk too fast... Xy suggest one not me. U dun wan it's ok. Going 2 rain leh where got gd.,1
"Sorry da thangam, very very sorry i am held up with prasad.",1
Aiyar dun disturb u liao... Thk u have lots 2 do aft ur cupboard come...,1
:-) :-),1
Nope. I just forgot. Will show next week,1
Eh den sat u book e kb liao huh...,1
Nice talking to you! please dont forget my pix :) i want to see all of you...,1
Hey are we going for the lo lesson or gym? ,1
"Lets use it next week, princess :)",1
Lol ... I knew that .... I saw him in the dollar store,1
U say leh... Of course nothing happen lar. Not say v romantic jus a bit only lor. I thk e nite scenery not so nice leh.,1
Oh:)as usual vijay film or its different?,1
Hey mr whats the name of that bill brison book the one about language and words ,1
Please sen :)my kind advice :-)please come here and try:-),1
Ok... U enjoy ur shows...,1
Allo! We have braved the buses and taken on the trains and triumphed. I mean we‘re in b‘ham. Have a jolly good rest of week,1
U dun say so early hor... U c already then say...,1
Hey you gave them your photo when you registered for driving ah? Tmr wanna meet at yck? ,1
Aight well keep me informed,1
Yun buying... But school got offer 2000 plus only...,1
"Well, I was about to give up cos they all said no they didn‘t do one nighters. I persevered and found one but it is very cheap so i apologise in advance. It is just somewhere to sleep isnt it?",1
"Yeah I am, so I'll leave maybe 7ish?",1
U r too much close to my heart. If u go away i will be shattered. Plz stay with me.,1
Sitting ard nothing to do lor. U leh busy w work?,1
Hi. I'm sorry i missed your call. Can you pls call back.,1
Nt yet chikku..simple habba..hw abt u?,1
"I sent you the prices and do you mean the  &lt;#&gt; g,",1
"Sorry, I'll call later",1
"K will do, addie &amp; I are doing some art so I'll be here when you get home",1
Ok . . now i am in bus. . If i come soon i will come otherwise tomorrow,1
"Today is ""song dedicated day.."" Which song will u dedicate for me? Send this to all ur valuable frnds but first rply me...",1
Hey you around? I've got enough for a half + the ten I owe you,1
Ü predict wat time ü'll finish buying?,1
Can you talk with me..,1
Yar lor actually we quite fast... Cos da ge slow wat... Haha...,1
No plans yet. What are you doing ?,1
Oh great. I.ll disturb him more so that we can talk.,1
JADE ITS PAUL. Y DIDNT U TXT ME? DO U REMEMBER ME FROM BARMED? I WANT 2 TALK 2 U! TXT ME,1
I.ll post her out l8r. In class,1
Busy here. Trying to finish for new year. I am looking forward to finally meeting you...,1
Wot u up 2 u weirdo?,1
"Aiyo... Her lesson so early... I'm still sleepin, haha... Okie, u go home liao den confirm w me lor...",1
Y so late but i need to go n get da laptop...,1
2mro i am not coming to gym machan. Goodnight.,1
Infact happy new year. How are you where are you when are we seeing,1
"Hi, wkend ok but journey terrible. Wk not good as have huge back log of marking to do",1
Even i cant close my eyes you are in me our vava playing umma :-D,1
"Thanks da thangam, i feel very very happy dear. I also miss you da.",1
Ü mean it's confirmed... I tot they juz say oni... Ok then... ,1
Don no da:)whats you plan?,1
Small problem in auction:)punj now asking tiwary,1
Ho ho - big belly laugh! See ya tomo,1
Babes I think I got ur brolly I left it in English wil bring it in 2mrw 4 u luv Franxx,1
"There're some people by mu, I'm at the table by lambda",1
Just got to  &lt;#&gt;,1
This is my number by vivek..,1
I told that am coming on wednesday.,1
Thanx 4 sending me home...,1
Are you plans with your family set in stone ?,1
"Aight no rush, I'll ask jay",1
K.:)do it at evening da:)urgent:),1
Miles and smiles r made frm same letters but do u know d difference..? smile on ur face keeps me happy even though I am miles away from u.. :-)keep smiling.. Good nyt,1
Waaaat?? Lololo ok next time then!,1
In xam hall boy asked girl Tell me the starting term for dis answer I can den manage on my own After lot of hesitation n lookin around silently she said THE! intha ponnungale ipaditan;),1
"Looks like you found something to do other than smoke, great job!",1
Thanks  and ! Or bomb and date as my phone wanted to say! ,1
;-) ok. I feel like john lennon.,1
Ok both our days. So what are you making for dinner tonite? Am I invited?,1
It didnt work again oh. Ok goodnight then. I.ll fix and have it ready by the time you wake up. You are very dearly missed have a good night sleep.,1
Where is it. Is there any opening for mca.,1
Ok... Then r we meeting later?,1
When i have stuff to sell i.ll tell you,1
Hey come online! Use msn... We are all there,1
Sorry da. I gone mad so many pending works what to do.,1
Hey i will be late ah... Meet you at 945+,1
I surely dont forgot to come:)i will always be in touch in with you:-),1
This single single answers are we fighting? Plus i said am broke and you didnt reply,1
"Sorry, I'll call later",1
Wat makes some people dearer is not just de happiness dat u feel when u meet them but de pain u feel when u miss dem!!!,1
"I'm back, lemme know when you're ready",1
Shopping? Eh ger i toking abt syd leh...Haha,1
I was gonna ask you lol but i think its at 7,1
She went to attend another two rounds today..but still did't reach home..,1
Ü go home liao? Ask dad to pick me up at 6...,1
Ok... But bag again..,1
"""ME 2 BABE I FEEL THE SAME LETS JUST 4GET ABOUT IT+BOTH TRY +CHEER UP+NOT FIT SOO MUCHXXLOVE U LOCAXX""",1
I sent your maga that money yesterday oh.,1
:) ,1
Just wait till end of march when el nino gets himself. Oh.,1
"I call you later, don't have network. If urgnt, sms me.",1
Hey tmr maybe can meet you at yck,1
Will do. Have a good day,1
I think chennai well settled?,1
"Yeah, probably but not sure. Ilol let u know, but personally I wuldnt bother, then again if ur goin to then I mite as well!!",1
Shall i come to get pickle,1
Apart from the one i told you about yesterday?,1
It's ok i noe u're busy but i'm really too bored so i msg u. I oso dunno wat colour she choose 4 me one.,1
Oh yah... We never cancel leh... Haha ,1
Y she dun believe leh? I tot i told her it's true already. I thk she muz c us tog then she believe.,1
I'm in office now da:)where are you?,1
Hey... are you going to quit soon? Xuhui and i working till end of the month ,1
I'm good. Have you registered to vote?,1
"Goodmorning, today i am late for 2hrs. Because of back pain.",1
I've not sent it. He can send me.,1
No:-)i got rumour that you going to buy apartment in chennai:-),1
"Dude. What's up. How Teresa. Hope you have been okay. When i didnt hear from these people, i called them and they had received the package since dec  &lt;#&gt; . Just thot you'ld like to know. Do have a fantastic year and all the best with your reading. Plus if you can really really Bam first aid for Usmle, then your work is done.",1
Did u find a sitter for kaitlyn? I was sick and slept all day yesterday.,1
Hey next sun 1030 there's a basic yoga course... at bugis... We can go for that... Pilates intro next sat.... Tell me what time you r free,1
K.:)you are the only girl waiting in reception ah?,1
You're not sure that I'm not trying to make xavier smoke because I don't want to smoke after being told I smoke too much?,1
K.i did't see you.:)k:)where are you now?,1
Missing you too.pray inshah allah,1
I might come to kerala for 2 days.so you can be prepared to take a leave once i finalise .dont plan any travel during my visit.need to finish urgent works.,1
2marrow only. Wed at  &lt;#&gt;  to 2 aha.,1
I am not having her number sir,1
Lol yep did that yesterday. Already got my fireplace. Now its just another icon sitting there for me.,1
"Anyway I don't think I can secure anything up here, lemme know if you want me to drive down south and chill",1
Am i that much dirty fellow?,1
No da..today also i forgot..,1
Ü only send me the contents page...,1
I'm at work. Please call,1
Hey i will be really pretty late... You want to go for the lesson first? I will join you. I'm only reaching tp mrt,1
"I met you as a stranger and choose you as my friend. As long as the world stands, our friendship never ends. Lets be Friends forever!!! Gud nitz...",1
Hi dude hw r u da realy mising u today,1
"awesome, how do I deal with the gate? Charles told me last night but, uh, yeah",1
"""Its Ur luck to Love someone. Its Ur fortune to Love the one who Loves U. But, its a miracle to Love a person who can't Love anyone except U..."" Gud nyt...",1
No:-)i got rumour that you going to buy apartment in chennai:-),1
I.ll get there tomorrow and send it to you,1
Have a good evening! Ttyl,1
Boy you best get yo ass out here quick,1
Oh... Okie lor...We go on sat... ,1
I just really need shit before tomorrow and I know you won't be awake before like 6,1
I'm aight. Wat's happening on your side.,1
How are you. Just checking up on you,1
With my sis lor... We juz watched italian job.,1
K...k...when will you give treat?,1
"whatever, im pretty pissed off.",1
"Aight, let me know when you're gonna be around usf",1
U reach orchard already? U wan 2 go buy tickets first?,1
Doesn't g have class early tomorrow and thus shouldn't be trying to smoke at  &lt;#&gt;,1
I am going to film 2day da. At 6pm. Sorry da.,1
Aiyah e rain like quite big leh. If drizzling i can at least run home.,1
Ok leave no need to ask,1
Ok . . now i am in bus. . If i come soon i will come otherwise tomorrow,1
"Hello.How u doing?What u been up 2?When will u b moving out of the flat, cos I will need to arrange to pick up the lamp, etc. Take care. Hello caroline!",1
Now am free call me pa.,1
"Yes, my reg is  Ciao!",1
But my family not responding for anything. Now am in room not went to home for diwali but no one called me and why not coming. It makes me feel like died.,1
"""SHIT BABE.. THASA BIT MESSED UP.YEH, SHE SHUDVETOLD U. DID URGRAN KNOW?NEWAY, ILLSPEAK 2 U2MORO WEN IM NOT ASLEEP...""",1
Just come home. I don't want u to be miserable,1
Hope youre not having too much fun without me!! see u tomorrow love jess x,1
"We made it! Eta at taunton is 12:30 as planned, hope that‘s still okday?! Good to see you! :-xx",1
Wow didn't think it was that common. I take it all back ur not a freak! Unless u chop it off:-),1
Yup. Thk of u oso boring wat.,1
Prabha..i'm soryda..realy..frm heart i'm sory,1
You tell what happen dont behave like this to me. Ok no need to say,1
Guai... Ü shd haf seen him when he's naughty... Ü so free today? Can go jogging...,1
Hmm...my uncle just informed me that he's paying the school directly. So pls buy food.,1
"Vikky, come around  &lt;TIME&gt; ..",1
"Nah I don't think he goes to usf, he lives around here though",1
Ok...,1
Dun b sad.. It's over.. Dun thk abt it already. Concentrate on ur other papers k.,1
Ok... Help me ask if she's working tmr a not?,1
Where are you call me.,1
Lol I would but despite these cramps I like being a girl.,1
"Sorry, I'll call later in meeting any thing related to trade please call Arul. &lt;#&gt; ",1
Just hopeing that wasn‘t too pissed up to remember and has gone off to his sisters or something!,1
"Yar lor he wan 2 go c horse racing today mah, so eat earlier lor. I ate chicken rice. U?",1
Man this bus is so so so slow. I think you're gonna get there before me,1
Where are you ? What do you do ? How can you stand to be away from me ? Doesn't your heart ache without me ? Don't you wonder of me ? Don't you crave me ?,1
at bruce b downs &amp; fletcher now,1
Left dessert. U wan me 2 go suntec look 4 u?,1
"Probably gonna be here for a while, see you later tonight &lt;)",1
I want to sent  &lt;#&gt; mesages today. Thats y. Sorry if i hurts,1
"Ha ha nan yalrigu heltini..Iyo kothi chikku, u shared many things wit me..so far i didn't told any body and even uttered a word abt u.. If ur trusting me so much how can i tell these to others.. Plz nxt time dont use those words to me..ok, chikku:-);-)B-)",1
"I've got ten bucks, jay is being noncomittal",1
Come aftr  &lt;DECIMAL&gt; ..now i m cleaning the house,1
Yes. Please leave at  &lt;#&gt; . So that at  &lt;#&gt;  we can leave,1
How dare you stupid. I wont tell anything to you. Hear after i wont talk to you:-.,1
Sian... Aft meeting supervisor got work 2 do liao... U working now?,1
Pass dis to all ur contacts n see wat u get! Red;i'm in luv wid u. Blue;u put a smile on my face. Purple;u r realy hot. Pink;u r so swt. Orange;i thnk i lyk u. Green;i realy wana go out wid u. Yelow;i wnt u bck. Black;i'm jealous of u. Brown;i miss you Nw plz giv me one color,1
Ok thanx...,1
Huh so fast... Dat means u havent finished painting?,1
"I'll text carlos and let you know, hang on",1
I jus reached home. I go bathe first. But my sis using net tell u when she finishes k...,1
What * u wearing?,1
Mum ask ü to buy food home...,1
"Gal n boy walking in d park. gal-can i hold ur hand? boy-y? do u think i would run away? gal-no, jst wana c how it feels walking in heaven with an prince..GN:-)",1
Haiyoh... Maybe your hamster was jealous of million,1
Ok lor... Sony ericsson salesman... I ask shuhui then she say quite gd 2 use so i considering...,1
"Sorry, I'll call later",1
Raji..pls do me a favour. Pls convey my Birthday wishes to Nimya. Pls. Today is her birthday.,1
Dude im no longer a pisces. Im an aquarius now.,1
I emailed yifeng my part oredi.. Can ü get it fr him..,1
"""Hi darlin i cantdo anythingtomorrow as myparents aretaking me outfor a meal. when are u free? Katexxx""",1
Can you do a mag meeting this avo at some point?,1
"Good afternoon, my love ... How goes your day ? How did you sleep ? I hope your well, my boytoy ... I think of you ...",1
Great to hear you are settling well. So what's happenin wit ola?,1
Fyi I'm gonna call you sporadically starting at like  &lt;#&gt;  bc we are not not doin this shit,1
Sorry i now then c ur msg... Yar lor so poor thing... But only 4 one night... Tmr u'll have a brand new room 2 sleep in...,1
Ok lor. Msg me b4 u call.,1
Dont think you need yellow card for uk travel. Ask someone that has gone before. If you do its just  &lt;#&gt; bucks,1
I'm fine. Hope you are good. Do take care.,1
Not sure I have the stomach for it ...,1
"Hi. Wk been ok - on hols now! Yes on for a bit of a run. Forgot that i have hairdressers appointment at four so need to get home n shower beforehand. Does that cause prob for u?""",1
Fuck babe ... What happened to you ? How come you never came back?,1
What you doing?how are you?,1
"I'm home, my love ... If your still awake ... *loving kiss*",1
I'm in a movie... Collect car oredi...,1
Yar... I tot u knew dis would happen long ago already.,1
Anything lor. Juz both of us lor.,1
"Lol ... Oh no babe, I wont be sliding into your place after midnight, but thanks for the invite",1
Don know:)this week i'm going to tirunelvai da.,1
Alright. I'm out--have a good night!,1
"Wn u r hurt by d prsn who s close 2 u, do fight wit dem. Coz somtimes dis fight saves a relation bt being quiet leaves nothin in a relation.. Gud eveB-)",1
Wat's my dear doing? Sleeping ah?,1
"see you then, we're all christmassy here!",1
Will be office around 4 pm. Now i am going hospital.,1
I can make lasagna for you... vodka...,1
Hello darlin ive finished college now so txt me when u finish if u can love Kate xxx,1
Hi Petey!noim ok just wanted 2 chat coz avent spoken 2 u 4 a long time-hope ur doin alrite.have good nit at js love ya am.x,1
"Hello, As per request from  &lt;#&gt;  Rs.5 has been transfered to you",1
Ok. I.ll do you right later.,1
Eat jap done oso aft ur lect wat... Ü got lect at 12 rite... ,1
"It'll be tough, but I'll do what I have to",1
Well obviously not because all the people in my cool college life went home ;_;,1
Sorry me going home first... Daddy come fetch ü later...,1
Lol its ok I didn't remember til last nite,1
Oh sorry please its over,1
Hey what happen de. Are you alright.,1
"Huh... Hyde park not in mel ah, opps, got confused... Anyway, if tt's e best choice den we juz have to take it...",1
"Best msg: It's hard to be with a person, when u know that one more step foward will make u fall in love.. &amp; One step back can ruin ur friendship.. good night:-) ...",1
Tell me they're female :V how're you throwing in? We're deciding what all to get now,1
How come i din c ü... Yup i cut my hair...,1
Ok i've sent u da latest version of da project.,1
Lol where do u come up with these ideas?,1
Lmao ok I wont be needing u to do my hair anymore.,1
Argh why the fuck is nobody in town ;_;,1
Geeeee ... I love you so much I can barely stand it,1
When you are big..| God will bring success.,1
Ü say until like dat i dun buy ericsson oso cannot oredi lar...,1
Are you not around or just still asleep? :V,1
"Erm … ill pick you up at about 6.45pm. That'll give enough time to get there, park and that.",1
I havent lei.. Next mon can?,1
Full heat pa:-) i have applyed oil pa.,1
"U so lousy, run already come back then half dead... Hee...",1
Hello! How r u? Im bored. Inever thought id get bored with the tv but I am. Tell me something exciting has happened there? Anything! =/,1
Huh so late... Fr dinner?,1
Hey sexy buns! What of that day? No word from you this morning on YM ... :-( ... I think of you,1
Ok i thk i got it. Then u wan me 2 come now or wat?,1
Ok lar i double check wif da hair dresser already he said wun cut v short. He said will cut until i look nice.,1
Ok...,1
"Dizzamn, aight I'll ask my suitemates when I get back",1
Let me know how to contact you. I've you settled in a room. Lets know you are ok.,1
"Sorry, I'll call later",1
If I die I want u to have all my stuffs.,1
She's borderline but yeah whatever.,1
Good night. Am going to sleep.,1
Just sleeping..and surfing,1
Then u ask darren go n pick u lor... But i oso sian tmr haf 2 meet lect...,1
How are you doing? Hope you've settled in for the new school year. Just wishin you a gr8 day,1
I'm going out to buy mum's present ar.,1
Watching ajith film ah?,1
No screaming means shouting..,1
"""Hey sorry I didntgive ya a a bellearlier hunny,just been in bedbut mite go 2 thepub l8tr if uwana mt up?loads a luv Jenxxx.""",1
Wat would u like 4 ur birthday?,1
God bless.get good sleep my dear...i will pray!,1
"Aight fuck it, I'll get it later",1
Tell me pa. How is pain de.,1
Really dun bluff me leh... U sleep early too. Nite...,1
I cant pick the phone right now. Pls send a message,1
K..k:)how much does it cost?,1
Thanks chikku..:-) gud nyt:-*,1
"Mah b, I'll pick it up tomorrow",1
I think steyn surely get one wicket:),1
NOT MUCH NO FIGHTS. IT WAS A GOOD NITE!!,1
